root,id,ra,dec,m444,z_map,zwidth2,bic_diff,flux_ha,err_ha,sn_ha,q1,q2,q3,q4,q_fresco,multi_ids,q_congress,q_final
fresco-only-n-v2,70,189.2209523,62.3317907,25.89,6.572,0,282.9,5.1e-18,3.1e-19,16.2,3,3,2,0,2,-,3,3
fresco-only-n-v2,217,189.2384111,62.32710526,25.28,6.305,0,369.7,7.5e-18,4.1e-19,18.3,3,3,3,3,3,-,3,3
fresco-only-n-v2,241,189.2151653,62.32686157,26.54,5.672,0,228.1,2.7e-18,1.9e-19,14.1,3,3,3,3,3,-,3,3
fresco-only-n-v2,500,189.2122787,62.32089829,27,5.397,0,349.6,4.8e-18,2.6e-19,18.4,3,3,3,3,3,-,2,2
fresco-only-n-v2,809,189.2530215,62.31617342,25.76,5.488,0,418.2,5.5e-18,2.8e-19,19.8,3,3,3,3,3,-,3,3
fresco-only-n-v2,880,189.1875151,62.31544391,26.83,5.056,0,85.5,9.7e-19,1.3e-19,7.4,0,1,2,0,0.75,-,1,0.75
fresco-only-n-v2,1324,189.1781523,62.31063067,26.79,6.569,0,174.8,3.7e-18,3.1e-19,12,3,2,1,2,2,-,3,3
fresco-only-n-v2,1409,189.161053,62.30994224,27.36,4.952,0.041,56.3,2e-18,3.9e-19,5.3,0,1,0,0,0.25,-,0,0
fresco-only-n-v2,1562,189.2393277,62.30860065,27.94,5.402,0.052,57.5,9.1e-19,1.8e-19,5.2,1,1,2,1,1.25,-,0,0
fresco-only-n-v2,1647,189.1630354,62.30759952,27.3,5.417,0,484.7,3.4e-18,1.6e-19,21.5,1,3,1,2,1.75,-,1,1.75
fresco-only-n-v2,1716,189.1654947,62.3068868,25.4,5.192,0,333.6,4.9e-18,2.8e-19,17.4,3,3,2,3,2.75,-,1,2.75
fresco-only-n-v2,1755,189.1653173,62.30660686,27.8,5.199,0,165.4,1.5e-18,1.3e-19,11.6,-1,3,-1,2,0.75,-,-1,-1
fresco-only-n-v2,1846,189.1665565,62.30560559,24.28,5.194,0,993.6,1e-17,3.3e-19,31.1,3,3,3,3,3,-,1,3
fresco-only-n-v2,1849,189.172155,62.30563712,26.82,5.588,0,306.8,3.5e-18,2.1e-19,16.7,3,3,3,3,3,-,3,3
fresco-only-n-v2,2432,189.1891288,62.30065644,26.58,5.657,0,148.3,2.3e-18,2.1e-19,11.2,3,3,2,2,2.5,-,3,3
fresco-only-n-v2,2542,189.195542,62.29985402,27.19,5.553,0,74.2,1.4e-18,2.2e-19,6.5,1,2,2,2,1.75,-,1,1.75
fresco-only-n-v2,2895,189.18794,62.29722038,27.47,5.452,0,84.5,1.8e-18,2.4e-19,7.4,1,2,2,0,1.25,-,3,3
fresco-only-n-v2,2989,189.1729693,62.29648512,25.72,5.543,0,65.8,2.2e-18,3.7e-19,6,1,2,2,2,1.75,-,1,1.75
fresco-only-n-v2,3100,189.2351893,62.29558412,26.86,6.668,0.001,53.4,7.2e-18,1.2e-18,6,0,0,-1,0,-0.25,-,0,0
fresco-only-n-v2,3200,189.1203031,62.29485993,27.12,6.216,0,60.7,1.2e-18,2.2e-19,5.3,0,1,0,0,0.25,-,1,0.25
fresco-only-n-v2,3375,189.1318525,62.2935733,27.89,5.306,0,214.3,2.5e-18,1.9e-19,13.4,1,3,1,3,2,-,1,2
fresco-only-n-v2,3549,189.1793075,62.29253503,24.77,5.359,0,1468.8,1.2e-17,2.8e-19,41.6,3,3,3,3,3,-,3,3
fresco-only-n-v2,3802,189.1151052,62.290807,26.64,6.007,0,304.8,2.8e-18,1.7e-19,16.6,3,3,2,2,2.5,-,1,2.5
fresco-only-n-v2,3814,189.1219542,62.29100538,25.73,5.301,0,114.5,2.5e-18,2.7e-19,9.3,3,3,3,3,3,-,1,3
fresco-only-n-v2,3869,189.1400422,62.29182537,25.59,5.591,0,114.6,3.4e-18,3.8e-19,9,3,3,3,3,3,-,3,3
fresco-only-n-v2,4199,189.2827986,62.28904388,27.07,5,0.04,97.3,2.1e-18,2.5e-19,8.4,3,3,3,3,3,-,3,3
fresco-only-n-v2,4332,189.1597988,62.28795895,27.06,5.275,0.04,101.5,2.4e-18,2.8e-19,8.6,3,2,3,3,2.75,-,1,2.75
fresco-only-n-v2,4427,189.2845488,62.28747329,26.11,5.948,0,102.7,3.3e-18,3.7e-19,9,2,1,2,2,1.75,-,3,3
fresco-only-n-v2,4581,189.1310022,62.28683335,25.46,5.269,0,196.3,4.3e-18,3.4e-19,12.9,3,3,3,3,3,-,1,3
fresco-only-n-v2,4640,189.1452258,62.28658966,27.27,5.132,0.04,57.1,1.3e-18,2.5e-19,5.4,1,1,1,1,1,-,1,1
fresco-only-n-v2,4823,189.2359577,62.28554596,25.94,5.194,0,180.3,2.7e-18,2.2e-19,12.6,1,3,3,2,2.25,-,1,2.25
fresco-only-n-v2,4904,189.2507276,62.2852327,27.77,5.091,0.04,56.3,1.2e-18,2.3e-19,5.1,1,1,2,1,1.25,-,1,1.25
fresco-only-n-v2,5009,189.1042382,62.28475647,25.58,5.106,0.041,58.5,1.4e-18,2.7e-19,5.2,0,0,1,1,0.5,-,0,0
fresco-only-n-v2,5107,189.1088246,62.28422422,26.47,4.935,0,150.8,3.8e-18,3.4e-19,11.2,2,3,3,2,2.5,-,3,3
fresco-only-n-v2,5423,189.2542173,62.28297769,26.13,5.966,0.019,57.3,1.7e-18,3.2e-19,5.3,0,0,1,2,0.75,-,2,2
fresco-only-n-v2,5744,189.239613,62.28146179,26.78,5.184,0.04,69.8,1.6e-18,2.5e-19,6.4,2,2,1,1,1.5,-,1,1.5
fresco-only-n-v2,5896,189.2855264,62.28077176,24.66,5.087,0,243.2,3.6e-18,2.2e-19,16.7,-1,-1,3,2,0.75,-,2,2
fresco-only-n-v2,6114,189.3160279,62.2798066,26.81,5.265,0,121.3,3.1e-18,3.3e-19,9.5,2,-1,-1,-1,-0.25,-,1,-0.25
fresco-only-n-v2,6332,189.1807358,62.28224006,25.52,5.185,0,548.6,7.7e-18,3.3e-19,23.5,3,3,3,2,2.75,-,1,2.75
fresco-only-n-v2,6371,189.1968586,62.27888833,27.62,5.775,0,74.9,1.4e-18,2e-19,6.7,2,3,3,2,2.5,-,3,3
fresco-only-n-v2,6458,189.1679298,62.27849242,26.94,6.055,0,248.4,0,0,-99,-1,0,0,0,-0.25,-,-1,-1
fresco-only-n-v2,6492,189.0799277,62.27829141,26.71,4.913,0.043,62,4.1e-18,7.7e-19,5.3,0,1,0,0,0.25,-,0,0
fresco-only-n-v2,6558,189.1151667,62.27812581,27.65,5.492,0,106.5,1.9e-18,2.2e-19,8.6,2,3,3,2,2.5,-,1,2.5
fresco-only-n-v2,6583,189.1115103,62.27795194,25.73,5.636,0,254.5,4.6e-18,3.1e-19,14.7,2,3,3,2,2.5,-,3,3
fresco-only-n-v2,6732,189.2962727,62.2773734,24.57,5.194,0,1105.9,1.5e-17,4.5e-19,33.5,3,3,3,3,3,-,1,3
fresco-only-n-v2,6761,189.1697998,62.27729797,24.67,5.186,0.002,145.6,4.7e-18,4.2e-19,11.2,3,3,2,2,2.5,-,1,2.5
fresco-only-n-v2,6840,189.1696462,62.27706355,26.64,5.188,0,136.4,2.9e-18,2.8e-19,10.4,3,2,3,-1,1.75,-,1,1.75
fresco-only-n-v2,6900,189.2513278,62.27686271,27.17,5.223,0.04,63,1.4e-18,2.4e-19,5.9,1,1,2,1,1.25,-,1,1.25
fresco-only-n-v2,6983,189.2774251,62.27639116,26.22,6.138,0.002,97.2,0,0,-99,-1,-1,0,-1,-0.75,-,1,-0.75
fresco-only-n-v2,7173,189.1792918,62.27588058,24.57,6.53,0,185.3,8.4e-18,6.9e-19,12.2,2,2,2,2,2,-,1.5,1.5
fresco-only-n-v2,7193,189.3071792,62.27585751,27.09,5.197,0,145.9,2.8e-18,2.6e-19,11,3,3,3,3,3,-,1,3
fresco-only-n-v2,7348,189.1756469,62.27528468,26.94,5.301,0,139.7,1.5e-18,1.5e-19,10.5,3,2,3,1,2.25,-,1,2.25
fresco-only-n-v2,7550,189.0642699,62.27427593,25.45,5.149,0,152.6,2.3e-18,2.1e-19,11,2,3,3,2,2.5,-,1,2.5
fresco-only-n-v2,7653,189.2390166,62.27404893,27.26,5.194,0,103.4,1.8e-18,2.2e-19,8.4,2,3,2,2,2.25,-,1,2.25
fresco-only-n-v2,7761,189.1152859,62.27364875,25.16,5.317,0.001,75.7,4.3e-18,6.8e-19,6.4,0,0,0,0,0,-,0,0
fresco-only-n-v2,7776,189.0989835,62.27359935,25.75,5.674,0,96.8,2.9e-18,3.6e-19,8.2,1,2,2,2,1.75,-,1,1.75
fresco-only-n-v2,7784,189.1230204,62.27363463,27.31,5.315,0,64.9,1.4e-18,2.2e-19,6.2,3,2,3,1,2.25,-,2,2
fresco-only-n-v2,7827,189.0720829,62.27342825,25.5,5.145,0,632.1,3.9e-18,1.5e-19,25.7,3,3,3,3,3,-,1,3
fresco-only-n-v2,7888,189.3151223,62.27320538,25.26,5.186,0,303,4.9e-18,3e-19,16.3,3,3,3,2,2.75,-,1,2.75
fresco-only-n-v2,7965,189.1283031,62.27296798,27.59,5.439,0,71.7,1.2e-18,1.9e-19,6.5,2,1,1,1,1.25,-,2,2
fresco-only-n-v2,8010,189.2893655,62.2728494,27.33,5.699,0,77.7,2.1e-18,3.1e-19,6.8,2,2,2,1,1.75,-,3,3
fresco-only-n-v2,8288,189.2886829,62.27181954,25.57,5.777,0,93.3,3.7e-18,4.6e-19,8,1,2,3,2,2,-,3,3
fresco-only-n-v2,8313,189.3403019,62.27176139,27.06,5.042,0,203.7,3.3e-18,2.5e-19,13.1,3,3,3,1,2.5,-,1,2.5
fresco-only-n-v2,8445,189.3316173,62.27116459,26.1,5.304,0,442.8,5.1e-18,2.5e-19,20.5,2,3,3,2,2.5,-,3,3
fresco-only-n-v2,8479,189.327308,62.27109211,27.39,5.195,0,219.1,2.7e-18,1.9e-19,13.7,2,3,3,3,2.75,-,1,2.75
fresco-only-n-v2,8545,189.2434674,62.27081451,25.95,5.192,0,165.8,3.8e-18,3.3e-19,11.6,3,2,3,2,2.5,-,1,2.5
fresco-only-n-v2,8642,189.3423407,62.27057414,26.53,5.169,0,173.1,2.6e-18,2.2e-19,11.9,-1,-1,-1,1,-0.5,-,-1,-1
fresco-only-n-v2,8677,189.3428374,62.27032075,24.17,5.198,0,180.7,7.2e-18,6.2e-19,11.6,-1,2,3,2,1.5,-,1,1.5
fresco-only-n-v2,8831,189.3213557,62.26990483,27.09,4.997,0,62.7,1.3e-18,2.3e-19,5.7,0,1,1,0,0.5,-,0,0
fresco-only-n-v2,8854,189.3433002,62.26978098,25.98,5.193,0,244.7,3.9e-18,2.7e-19,14.7,3,2,3,2,2.5,-,1,2.5
fresco-only-n-v2,8899,189.1888511,62.26990468,26.04,5.017,0,206.4,3.5e-18,2.6e-19,13.5,2,3,3,2,2.5,-,3,3
fresco-only-n-v2,8911,189.0830231,62.26969919,26.75,5.387,0,184.5,2.9e-18,2.4e-19,12.1,-1,1,1,2,0.75,-,1,0.75
fresco-only-n-v2,9088,189.2776671,62.26907948,26.96,5.194,0,152.9,3.7e-18,3.3e-19,11.1,2,2,2,2,2,-,1,2
fresco-only-n-v2,9146,189.0687835,62.26887449,26.81,5.474,0,161.2,2.3e-18,2e-19,11.3,1,2,3,2,2,-,1,2
fresco-only-n-v2,9178,189.3016066,62.26873839,26.52,5.234,0.04,126.6,2.4e-18,2.4e-19,9.8,1,1,2,1,1.25,-,1,1.25
fresco-only-n-v2,9252,189.088013,62.26873389,25.27,5.142,0,163.6,4.5e-18,3.8e-19,11.8,2,3,3,2,2.5,-,1,2.5
fresco-only-n-v2,9299,189.2605835,62.26826812,25.55,5.19,0,823.2,1e-17,3.6e-19,28.8,-1,3,3,2,1.75,-,1,1.75
fresco-only-n-v2,9362,189.2180797,62.26808452,24.76,5.188,0,385.1,9.3e-18,5e-19,18.7,3,2,3,2,2.5,-,1,2.5
fresco-only-n-v2,9463,189.2732154,62.26775599,25.34,5.192,0,365.1,7.5e-18,4.1e-19,18.1,3,2,3,3,2.75,-,1,2.75
fresco-only-n-v2,9492,189.3154723,62.26748601,23.83,5.189,0,377.8,8.8e-18,4.8e-19,18.2,3,3,3,3,3,-,1,3
fresco-only-n-v2,9533,189.3323078,62.26742798,25.87,5.303,0,137.4,2.4e-18,2.3e-19,10.2,2,2,3,2,2.25,-,1,2.25
fresco-only-n-v2,9553,189.1950861,62.26752463,27.54,5.677,0,81.7,1.6e-18,2.2e-19,7.4,1,1,2,1,1.25,-,3,3
fresco-only-n-v2,9564,189.3291366,62.26739542,26.43,5.198,0,165.8,3.7e-18,3.1e-19,11.7,-1,2,3,2,1.5,-,1,1.5
fresco-only-n-v2,9566,189.0870647,62.26738148,26.65,5.133,0,208.6,3.5e-18,2.7e-19,13.3,2,2,3,2,2.25,-,1,2.25
fresco-only-n-v2,9582,189.3088226,62.26735566,26.38,6.559,0,130.8,6.3e-18,5.8e-19,10.9,-1,1,-1,-1,-0.5,-,-1,-1
fresco-only-n-v2,9631,189.3227025,62.26714929,26.55,4.87,0,56.1,1.3e-17,2.3e-18,5.8,0,1,0,0,0.25,-,0,0
fresco-only-n-v2,9685,189.1143705,62.26704655,28.3,4.91,0,189.5,9.2e-18,7e-19,13.2,0,2,2,2,1.5,-,1,1.5
fresco-only-n-v2,9688,189.2730063,62.26703828,26.92,5.195,0,200.3,3.8e-18,2.9e-19,13.1,2,2,3,3,2.5,-,1,2.5
fresco-only-n-v2,9701,189.2753739,62.26696567,27.9,5.194,0.04,59.6,1.2e-18,2.3e-19,5.4,0,1,2,2,1.25,-,1,1.25
fresco-only-n-v2,9725,189.2766115,62.26690314,27.65,5.226,0,95.8,1.9e-18,2.3e-19,8.2,2,1,3,1,1.75,-,1,1.75
fresco-only-n-v2,9760,189.0732366,62.26679734,27.19,5.432,0,59,1.1e-18,2e-19,5.3,2,1,2,0,1.25,-,1,1.25
fresco-only-n-v2,9944,189.3374893,62.26600403,26.75,5.206,0,354.3,2.8e-18,1.5e-19,18.1,2,2,3,2,2.25,-,1,2.25
fresco-only-n-v2,10020,189.1707973,62.26597611,27.71,6.021,0,63.4,1.2e-18,2.1e-19,5.9,1,2,2,1,1.5,-,3,3
fresco-only-n-v2,10073,189.3375803,62.26571722,27.71,5.193,0,78.2,1.1e-18,1.6e-19,7,0,1,0,2,0.75,-,1,0.75
fresco-only-n-v2,10111,189.1152653,62.26566632,27.85,5.833,0,144.4,2.9e-18,2.6e-19,11,1,3,2,-1,1.25,-,1,1.25
fresco-only-n-v2,10246,189.2541294,62.26513369,27.24,5.223,0,74,1.2e-18,1.8e-19,6.4,2,1,2,0,1.25,-,1,1.25
fresco-only-n-v2,10444,189.2480141,62.26442784,27.49,5.016,0.04,59.4,9.9e-19,1.8e-19,5.4,1,1,2,1,1.25,-,3,3
fresco-only-n-v2,10502,189.1457193,62.26426286,25.79,5.267,0,358,3.6e-18,2e-19,18.1,2,3,3,3,2.75,-,3,3
fresco-only-n-v2,10629,189.2233594,62.26388026,27.36,5.897,0,170.6,3e-18,2.5e-19,12,2,2,1,1,1.5,-,1,1.5
fresco-only-n-v2,10648,189.1621089,62.26381887,26.24,6.315,0,88.3,2.3e-18,2.4e-19,9.8,3,3,3,3,3,-,3,3
fresco-only-n-v2,10657,189.1509674,62.26397168,26.21,5.191,0.04,67.1,1e-18,1.8e-19,5.8,0,0,1,0,0.25,-,1,0.25
fresco-only-n-v2,10745,189.344287,62.26336532,23.5,5.242,0,1288.9,1.6e-17,3.8e-19,41.4,3,3,3,2,2.75,-,3,3
fresco-only-n-v2,10793,189.0395204,62.26326939,26.28,5.592,0,411.1,3.9e-18,2e-19,19.6,2,3,3,3,2.75,-,1,2.75
fresco-only-n-v2,10849,189.3371673,62.26311996,26.87,5.192,0.04,71.4,1.9e-18,3.1e-19,6.2,1,2,2,1,1.5,-,1,1.5
fresco-only-n-v2,10878,189.0369654,62.26296566,27.46,5.594,0,96.1,1.4e-18,1.7e-19,8.3,2,2,3,2,2.25,-,1,2.25
fresco-only-n-v2,10888,189.2175512,62.26309554,27.35,5.188,0,73.3,1.2e-18,1.8e-19,6.7,1,2,2,1,1.5,-,1,1.5
fresco-only-n-v2,10916,189.3422657,62.26281188,24.97,5.241,0.059,141.2,5.3e-18,5e-19,10.5,2,2,3,2,2.25,-,3,3
fresco-only-n-v2,10926,189.068537,62.262807,25.95,5.062,0,654.7,1e-16,6.1e-19,168.9,-1,-1,-1,-1,-1,-,-1,-1
fresco-only-n-v2,10942,189.3371413,62.26277331,26.47,5.202,0.04,80.7,2.2e-18,3e-19,7.3,1,1,2,1,1.25,-,1,1.25
fresco-only-n-v2,11033,189.0407386,62.26251006,26.66,5.512,0,88,1.6e-18,2.1e-19,7.5,-1,-1,-1,1,-0.5,-,1,-0.5
fresco-only-n-v2,11048,189.2569123,62.26269417,26.88,5.351,0,77.7,1.9e-18,2.9e-19,6.7,1,1,2,1,1.25,-,3,3
fresco-only-n-v2,11116,189.3455225,62.26228738,26.03,5.196,0.013,66.7,2.5e-18,4e-19,6.2,0,1,1,0,0.5,-,1,0.5
fresco-only-n-v2,11445,189.3244807,62.26132635,25.71,5.193,0,173.5,2.7e-18,2.2e-19,12,1,2,2,2,1.75,-,1,1.75
fresco-only-n-v2,11450,189.0698221,62.26133858,26.8,5.323,0.087,56.1,9.9e-19,2e-19,5,0,0,1,-1,0,-,0,0
fresco-only-n-v2,11461,189.1219375,62.26131809,27.2,5.324,0.059,59,1.5e-18,2.5e-19,5.9,0,2,2,-1,0.75,-,1,0.75
fresco-only-n-v2,11484,189.3282006,62.26120391,27.22,5.773,0,123.1,2e-18,2e-19,10,2,2,0,2,1.5,-,3,3
fresco-only-n-v2,11533,189.2541095,62.26108053,26.85,5.017,0,199.6,4.1e-18,3.1e-19,13.1,2,2,3,3,2.5,-,3,3
fresco-only-n-v2,11602,189.2283872,62.2608434,27.84,5.376,0,291.7,3e-18,1.7e-19,17,2,2,-1,2,1.25,-,-1,-1
fresco-only-n-v2,11671,189.1371772,62.26062916,26.35,5.599,0,341.6,3.7e-18,2.1e-19,17.4,-1,2,3,2,1.5,-,3,3
fresco-only-n-v2,11722,189.2821788,62.2603808,24.94,5.271,0,101.3,5.3e-18,5.7e-19,9.3,2,2,2,2,2,-,3,3
fresco-only-n-v2,11784,189.3133599,62.26021123,26.47,5.158,0,240.9,3.2e-18,2.2e-19,14.6,2,1,1,3,1.75,-,1,1.75
fresco-only-n-v2,11879,189.3138733,62.2598659,25.03,5.195,0,619.4,7.4e-18,3.1e-19,24.1,3,3,3,3,3,-,1,3
fresco-only-n-v2,11949,189.1063943,62.25969814,26.27,5.423,0,317.7,4.3e-18,2.5e-19,17.2,-1,2,3,2,1.5,-,3,3
fresco-only-n-v2,12010,189.069439,62.25943574,25.41,5.363,0,462.8,6.4e-18,3.1e-19,20.9,3,2,3,3,2.75,-,3,3
fresco-only-n-v2,12049,189.2005577,62.25944095,26.27,5.601,0,268.7,4.3e-18,2.8e-19,15.5,3,2,3,3,2.75,-,3,3
fresco-only-n-v2,12165,189.3104157,62.25899904,25.1,5.192,0,262.5,4.9e-18,3.2e-19,15.4,2,2,3,2,2.25,-,1,2.25
fresco-only-n-v2,12256,189.0965079,62.25879061,27.95,4.948,0,275.2,6.9e-18,4.2e-19,16.4,-1,2,-1,-1,-0.25,-,1,-0.25
fresco-only-n-v2,12314,189.2913044,62.25862153,26.58,5.013,0.015,73.5,1.7e-18,2.6e-19,6.4,0,-1,1,0,0,-,0,0
fresco-only-n-v2,12338,189.0968678,62.25858997,27.8,4.925,0,146.1,4.4e-18,4e-19,11.1,-1,3,-1,2,0.75,-,-1,-1
fresco-only-n-v2,12385,189.1417793,62.25842887,26.66,4.94,0,150.4,2.6e-18,2.3e-19,11.1,2,2,2,2,2,-,3,3
fresco-only-n-v2,12397,189.1967446,62.25839717,26.17,5.787,0,93.6,2.6e-18,3.4e-19,7.8,1,1,1,1,1,-,1,1
fresco-only-n-v2,12540,189.2961463,62.25796718,26.72,6.406,0,125.7,3e-18,3e-19,9.8,2,2,3,2,2.25,-,3,3
fresco-only-n-v2,12650,189.3603185,62.25754044,26.08,5.223,0,275.4,5.4e-18,3.4e-19,15.8,2,2,3,3,2.5,-,1,2.5
fresco-only-n-v2,12662,189.2348335,62.25747706,24.98,5.187,0,1434.6,1.2e-17,3.2e-19,38,3,2,3,3,2.75,-,1,2.75
fresco-only-n-v2,12667,189.1601345,62.25755036,24.95,5.188,0,234.8,6.2e-18,4.3e-19,14.3,3,2,3,3,2.75,-,1,2.75
fresco-only-n-v2,12926,189.0291629,62.25665157,26.4,5.017,0,150.5,1.6e-18,1.5e-19,11,2,3,3,3,2.75,-,3,3
fresco-only-n-v2,12982,189.0602006,62.25651627,25.59,5.362,0,487.5,7.3e-18,3.4e-19,21.4,3,3,3,3,3,-,3,3
fresco-only-n-v2,12994,189.1330751,62.25655454,27.18,5.271,0,150,2e-18,1.8e-19,10.9,3,2,3,2,2.5,-,3,3
fresco-only-n-v2,13001,189.0798101,62.25641428,24.61,6.014,0.001,71.9,9.4e-18,4.4e-19,21.4,-1,-1,-1,-1,-1,-,-1,-1
fresco-only-n-v2,13046,189.328216,62.25630816,23.97,5.306,0,855,1.5e-17,5.2e-19,29,3,3,3,3,3,-,3,3
fresco-only-n-v2,13064,189.2769637,62.25632639,25.92,5.234,0.04,155.2,3.5e-18,3.1e-19,11.3,3,2,3,3,2.75,-,3,3
fresco-only-n-v2,13236,189.3626955,62.25578647,26.55,5.961,0,149.8,3e-18,2.7e-19,11.1,3,2,3,3,2.75,-,3,3
fresco-only-n-v2,13243,189.3019765,62.25582819,27.25,5.191,0,331.3,3.1e-18,1.7e-19,17.7,2,3,3,3,2.75,-,1,2.75
fresco-only-n-v2,13393,189.2468863,62.25518177,24.96,5.059,0.04,68.3,3.5e-18,5.9e-19,5.9,0,1,0,1,0.5,-,0,0
fresco-only-n-v2,13459,189.0976885,62.25505292,27.25,5.47,0,68.8,1.4e-18,2.2e-19,6.4,2,2,2,1,1.75,-,1,1.75
fresco-only-n-v2,13519,189.2979394,62.25416673,23.87,4.866,0,105.3,1.2e-16,8.5e-18,14.2,0,3,0,0,0.75,-,0,0
fresco-only-n-v2,13564,189.0913445,62.25470514,25.24,4.891,0,59.7,7.8e-18,1.5e-18,5.3,0,1,0,0,0.25,-,1,0.25
fresco-only-n-v2,13565,189.091439,62.25464266,24.01,4.887,0,81.6,2.4e-17,4e-18,6,0,1,0,0,0.25,-,1,0.25
fresco-only-n-v2,13748,189.0459016,62.25414541,26.4,5.365,0,368.8,4.9e-18,2.6e-19,18.6,3,3,3,3,3,-,3,3
fresco-only-n-v2,13884,189.0275564,62.25375052,27.53,5.017,0,126.2,1.5e-18,1.5e-19,10,3,2,3,2,2.5,-,2,2
fresco-only-n-v2,13900,189.2661411,62.25377619,26.68,5.18,0,72.1,2.2e-18,3.3e-19,6.5,0,1,2,1,1,-,1,1
fresco-only-n-v2,13902,189.0918509,62.25374839,26.58,5.775,0,68.6,1.7e-18,2.7e-19,6.2,2,2,-1,0,0.75,-,2,2
fresco-only-n-v2,13957,189.0086453,62.25349349,26.6,5.447,0,164.9,2e-18,1.8e-19,11.4,3,3,3,3,3,-,1,3
fresco-only-n-v2,14083,189.0137252,62.25308535,25.53,5.446,0,327.4,4.4e-18,2.6e-19,17.1,3,3,3,3,3,-,1,3
fresco-only-n-v2,14166,189.2062166,62.25295083,26.55,5.187,0.091,100.8,1.4e-18,1.7e-19,8.3,2,3,2,2,2.25,-,1,2.25
fresco-only-n-v2,14292,189.1299535,62.25252425,26.15,5.3,0,715.8,5.5e-18,2.1e-19,26.1,3,3,3,3,3,-,3,3
fresco-only-n-v2,14365,189.0073779,62.25214138,24.98,5.448,0,612.6,4.6e-18,1.9e-19,24.4,2,3,3,2,2.5,-,1,2.5
fresco-only-n-v2,14367,189.0124605,62.25225631,26.4,5.445,0,370.3,3.2e-18,1.7e-19,18.6,3,3,3,3,3,-,1,3
fresco-only-n-v2,14371,189.2310326,62.2523347,26.4,5.981,0,154.3,3.8e-18,3.4e-19,11.2,2,3,3,2,2.5,-,3,3
fresco-only-n-v2,14383,189.2835942,62.25227574,26.61,5.179,0.05,57.7,1.2e-18,2.3e-19,5.3,2,-1,1,0,0.5,-,1,0.5
fresco-only-n-v2,14404,189.3714072,62.25211635,25.11,6.418,0,159.7,7.2e-18,6.4e-19,11.3,3,3,2,2,2.5,-,3,3
fresco-only-n-v2,14505,189.2894204,62.25200147,26.64,5.574,0,158.2,3e-18,2.7e-19,11.1,3,3,3,3,3,-,3,3
fresco-only-n-v2,14521,189.0125797,62.25189141,26.56,5.452,0,64.1,8.6e-19,1.5e-19,5.7,1,2,2,1,1.5,-,1,1.5
fresco-only-n-v2,14596,189.2890007,62.25177686,27.6,5.404,0,275.4,3.8e-18,2.4e-19,16,-1,3,-1,2,0.75,-,-1,-1
fresco-only-n-v2,14669,189.2027582,62.25162837,26.93,5.764,0.046,79.6,2.3e-18,3.2e-19,7,-1,0,-1,-1,-0.75,-,1,-0.75
fresco-only-n-v2,14679,189.3457536,62.25155671,27.04,5.098,0,66.7,1.8e-18,2.9e-19,6.1,0,1,2,2,1.25,-,1,1.25
fresco-only-n-v2,14801,189.3025624,62.25112363,24.68,5.189,0,259.9,4.9e-18,3.2e-19,15.2,2,2,3,2,2.25,-,1,2.25
fresco-only-n-v2,14996,189.3070726,62.25070926,26.96,5.678,0,61.4,1.1e-18,2e-19,5.8,0,0,0,1,0.25,-,1,0.25
fresco-only-n-v2,15068,189.1062451,62.2505362,26.78,5.6,0,120.5,2.7e-18,2.8e-19,9.7,3,2,3,2,2.5,-,3,3
fresco-only-n-v2,15069,189.327894,62.25053985,27.31,5.23,0,101.4,2e-18,2.4e-19,8.4,2,2,2,3,2.25,-,1,2.25
fresco-only-n-v2,15126,189.0066605,62.250305,25.86,5.441,0,135.3,2.6e-18,2.5e-19,10.3,2,2,2,2,2,-,1,2
fresco-only-n-v2,15134,189.1639376,62.25043639,26.9,5.268,0,217.8,3.6e-18,2.6e-19,13.8,3,3,3,2,2.75,-,1,2.75
fresco-only-n-v2,15165,189.2723902,62.25036172,26.81,5.236,0,141.1,2.5e-18,2.4e-19,10.4,3,3,3,2,2.75,-,3,3
fresco-only-n-v2,15339,189.3477934,62.24985405,26.31,6.507,0,71,2.4e-18,3.6e-19,6.7,-1,1,1,-1,0,-,0,0
fresco-only-n-v2,15343,189.2445403,62.24979692,21.51,5.726,0,92.3,4.3e-18,5.7e-19,7.7,-1,1,-1,-1,-0.5,-,1,-0.5
fresco-only-n-v2,15442,189.003096,62.24951553,24.4,5.445,0,1032.2,9.8e-18,3.1e-19,31.3,3,3,3,2,2.75,-,1,2.75
fresco-only-n-v2,15475,189.1543675,62.24967798,27.27,5.142,0.04,70.6,1.3e-18,2e-19,6.4,3,3,3,2,2.75,-,1,2.75
fresco-only-n-v2,15493,189.3070225,62.24974383,26.59,5.189,0,115.5,3.6e-18,3.8e-19,9.5,2,3,3,2,2.5,-,1,2.5
fresco-only-n-v2,15557,189.2421578,62.24945394,26.81,5.849,0,85,2.2e-18,2.9e-19,7.4,3,2,3,2,2.5,-,3,3
fresco-only-n-v2,15594,189.3619896,62.24916999,26.15,5.043,0,73.7,2.1e-18,3.3e-19,6.3,0,1,1,1,0.75,-,1,0.75
fresco-only-n-v2,15612,189.2492471,62.24927232,27.89,5.577,0,52,9.7e-19,2.1e-19,4.5,2,2,2,2,2,-,3,3
fresco-only-n-v2,15657,189.3689193,62.2490261,27.85,5.569,0.051,46.2,9.4e-19,1.8e-19,5.3,1,1,1,0,0.75,-,1,0.75
fresco-only-n-v2,15935,189.2133882,62.24808445,26.38,4.874,0,81.7,1.9e-17,2.7e-18,7.2,0,1,0,1,0.5,-,-1,-1
fresco-only-n-v2,15943,189.333412,62.24812735,25.12,5.309,0,224.2,6.2e-18,4.5e-19,13.9,2,2,3,2,2.25,-,3,3
fresco-only-n-v2,15982,189.0530596,62.24806757,25.85,5.087,0.04,59.3,2e-18,3.8e-19,5.3,0,1,0,1,0.5,-,0,0
fresco-only-n-v2,15989,189.2636516,62.24817723,27.31,5.204,0,299.8,2.7e-18,1.7e-19,16.4,3,3,3,2,2.75,-,1,2.75
fresco-only-n-v2,16052,189.242553,62.24799306,26.81,5.851,0,64.4,1.9e-18,3.2e-19,6,0,1,2,1,1,-,2,2
fresco-only-n-v2,16141,189.0392631,62.24766872,27.18,5.703,0,66,1.3e-18,2.2e-19,6,1,2,0,1,1,-,2,2
fresco-only-n-v2,16152,189.3105523,62.24762014,25.49,5.193,0,561,8.5e-18,3.7e-19,23.3,3,3,3,2,2.75,-,1,2.75
fresco-only-n-v2,16188,189.2442427,62.24754079,24.17,5.196,0,75.2,3.6e-18,5.8e-19,6.2,0,1,0,1,0.5,-,1,0.5
fresco-only-n-v2,16198,189.1545502,62.24754803,25.76,5.274,0,144.4,3.8e-18,3.6e-19,10.8,3,3,3,2,2.75,-,3,3
fresco-only-n-v2,16262,189.2810289,62.24731114,22.67,5.539,0,5657.5,2.6e-17,2.7e-19,99.4,3,3,-1,2,1.75,-,-1,-1
fresco-only-n-v2,16324,189.09703,62.24697849,25.68,4.985,0,-172.2,1e-17,5.2e-19,19.8,-1,0,-1,-1,-0.75,-,-1,-1
fresco-only-n-v2,16453,189.1081782,62.24716602,26.86,6.046,0,214.5,2.9e-18,2.1e-19,13.5,3,3,3,2,2.75,-,3,3
fresco-only-n-v2,16494,189.2863818,62.24650993,26.83,4.886,0.066,53.6,1.2e-17,2.4e-18,5.2,0,1,0,1,0.5,-,-1,-1
fresco-only-n-v2,16716,189.1257532,62.24597219,27.08,5.268,0,161.4,2.1e-18,1.9e-19,11.4,2,3,3,2,2.5,-,3,3
fresco-only-n-v2,16751,189.1258171,62.24588153,25.81,5.26,0.04,62.6,1.9e-18,3.5e-19,5.4,1,1,2,1,1.25,-,1,1.25
fresco-only-n-v2,17045,189.1336727,62.24498722,26.9,5.259,0,97.4,2e-18,2.4e-19,8.4,2,3,3,2,2.5,-,3,3
fresco-only-n-v2,17066,189.3407962,62.24482096,26.46,5.225,0,247.6,5.1e-18,3.4e-19,14.9,3,3,3,2,2.75,-,3,3
fresco-only-n-v2,17226,189.1346251,62.24701827,26.02,5.029,0,185.6,3.7e-18,3e-19,12.3,2,3,2,1,2,-,1,2
fresco-only-n-v2,17231,189.0158452,62.24435435,26.03,5.313,0,249.5,4.6e-18,3.1e-19,14.9,3,3,3,2,2.75,-,1,2.75
fresco-only-n-v2,17288,189.1176258,62.24432118,26.78,4.9,0,216.7,1.3e-17,8.9e-19,14.1,-1,0,0,2,0.25,-,0,0
fresco-only-n-v2,17353,189.0496196,62.24403417,24.85,5.444,0,1423.9,1.4e-17,3.8e-19,37,3,3,3,3,3,-,3,3
fresco-only-n-v2,17475,189.1286156,62.24386407,26.79,5.432,0,68.8,1.7e-18,2.7e-19,6.1,0,1,2,1,1,-,1,1
fresco-only-n-v2,17496,189.1288562,62.24377233,27.66,5.421,0,67.4,1.7e-18,2.8e-19,6,0,1,2,1,1,-,2,2
fresco-only-n-v2,17928,189.1067815,62.24263501,28.62,5.087,0,67.3,1.1e-18,1.9e-19,5.9,0,1,0,1,0.5,-,1,0.5
fresco-only-n-v2,18039,189.3722949,62.24225294,26.46,4.94,0,77.1,1.4e-18,1.8e-19,7.9,1,2,2,2,1.75,-,1,1.75
fresco-only-n-v2,18059,189.1780853,62.24230771,27.9,5.437,0,82.9,1.3e-18,1.8e-19,7,1,1,2,0,1,-,1,1
fresco-only-n-v2,18074,189.1241482,62.24223328,26.29,5.271,0,190.4,4e-18,3e-19,13,2,3,3,2,2.5,-,3,3
fresco-only-n-v2,18138,189.3357995,62.24204102,26.43,5.226,0,327.1,4.8e-18,2.7e-19,17.6,3,3,3,2,2.75,-,3,3
fresco-only-n-v2,18378,189.1140261,62.24295672,27.76,5.634,0,161.5,2.5e-18,2.2e-19,11.3,3,3,3,2,2.75,-,0,0
fresco-only-n-v2,18433,189.2085784,62.24128663,27.34,5.383,0,83.5,1.9e-18,2.7e-19,7.2,-1,1,1,2,0.75,-,1,0.75
fresco-only-n-v2,18453,189.264629,62.24129242,27.45,5.182,0.051,62.4,8.6e-19,1.5e-19,5.6,1,2,1,1,1.25,-,1,1.25
fresco-only-n-v2,18476,189.2556959,62.24123209,28.49,5.406,0.048,55.2,8.1e-19,1.6e-19,5.1,0,1,1,1,0.75,-,1,0.75
fresco-only-n-v2,18528,189.2114199,62.24104667,27.18,5.692,0,60.9,1.6e-18,2.9e-19,5.5,0,1,1,1,0.75,-,2,2
fresco-only-n-v2,18644,189.1749004,62.24072298,26.24,5.546,0,106,2.5e-18,2.9e-19,8.5,1,2,2,2,1.75,-,2,2
fresco-only-n-v2,18789,189.2566323,62.24031142,27.16,5.58,0,109.7,1.8e-18,2e-19,9.2,2,2,3,2,2.25,-,3,3
fresco-only-n-v2,18859,189.1008074,62.24018358,25.92,5.304,0.044,59.7,1.5e-18,2.8e-19,5.2,0,0,1,1,0.5,-,1,0.5
fresco-only-n-v2,18897,189.1194128,62.23992674,25.06,5.296,0,253.4,4.8e-18,3.2e-19,14.8,3,3,3,3,3,-,3,3
fresco-only-n-v2,18900,189.3638568,62.2399199,26.84,5.254,0,131.1,1.9e-18,1.9e-19,10.1,1,3,2,2,2,-,1,2
fresco-only-n-v2,19119,189.0577706,62.23927738,25.59,5.446,0,396.8,6.3e-18,3.3e-19,19.2,3,3,3,3,3,-,3,3
fresco-only-n-v2,19158,189.2737313,62.23920906,25.55,5.494,0,101.6,3e-18,3.6e-19,8.2,0,1,2,1,1,-,1,1
fresco-only-n-v2,19264,189.1808608,62.23888237,26.88,5.545,0.052,86.1,2.6e-18,3e-19,8.7,3,1,2,1,1.75,-,2,2
fresco-only-n-v2,19319,189.156008,62.23870853,27.61,5.437,0,71.8,1e-18,1.6e-19,6.6,2,2,2,2,2,-,3,3
fresco-only-n-v2,19331,189.1200393,62.23866908,25.9,5.273,0,476.7,6.5e-18,3.1e-19,21.1,3,3,3,3,3,-,3,3
fresco-only-n-v2,19392,189.2425818,62.2385113,27.3,5.153,0.04,63.5,1.1e-18,2e-19,5.8,0,1,-1,1,0.25,-,1,0.25
fresco-only-n-v2,19409,189.1692718,62.23847268,25.49,5.421,0,181.6,3.6e-18,2.9e-19,12.7,2,2,3,2,2.25,-,3,3
fresco-only-n-v2,19685,189.139198,62.23773614,25.92,5.246,0,264,5.7e-18,3.7e-19,15.6,-1,2,2,2,1.25,-,1,1.25
fresco-only-n-v2,19871,189.1261902,62.23716971,26.56,4.928,0,216,7.4e-18,5.4e-19,13.8,-1,3,3,2,1.75,-,1,1.75
fresco-only-n-v2,19922,189.3056968,62.23694473,25.57,5.193,0.044,81.5,2.1e-18,2.8e-19,7.3,2,2,3,2,2.25,-,-1,-1
fresco-only-n-v2,19972,189.2546072,62.23666763,26.49,5.093,0,216.3,2.7e-18,2e-19,13.8,2,2,3,2,2.25,-,1,2.25
fresco-only-n-v2,19975,189.0782865,62.23677835,27.05,6.046,0,82.7,1.8e-18,2.5e-19,7.3,3,2,2,2,2.25,-,3,3
fresco-only-n-v2,20071,189.3143378,62.23643618,24.08,5.092,0,144.6,4.9e-18,4.7e-19,10.5,2,2,3,2,2.25,-,1,2.25
fresco-only-n-v2,20115,189.1368543,62.23635035,24.9,5.3,0,114.8,4.3e-18,4.6e-19,9.3,0,0,-1,-1,-0.5,-,-1,-1
fresco-only-n-v2,20116,189.1366773,62.23630174,25.13,5.302,0,786.4,9.6e-18,3.4e-19,28.5,3,2,3,2,2.5,-,1,2.5
fresco-only-n-v2,20143,189.0700155,62.23624443,27.66,5.347,0.04,65.2,1e-18,1.7e-19,6.1,0,1,2,2,1.25,-,1,1.25
fresco-only-n-v2,20151,189.1190409,62.23624953,25.72,5.27,0,466.9,6.4e-18,3.1e-19,20.8,3,3,3,2,2.75,-,3,3
fresco-only-n-v2,20397,189.1179595,62.23550487,27.4,5.268,0,162.5,2.2e-18,1.9e-19,11.4,3,3,3,2,2.75,-,3,3
fresco-only-n-v2,20472,189.2403172,62.23530062,25.47,4.905,0,75.5,4.8e-18,7.4e-19,6.6,0,0,0,0,0,-,0,0
fresco-only-n-v2,20487,189.2357926,62.23532185,27.03,5.286,0,268.3,3.1e-18,2e-19,15.7,3,3,3,2,2.75,-,3,3
fresco-only-n-v2,20616,189.2593218,62.23498776,28.26,5.296,0,1313.9,5.5e-18,1.5e-19,36.6,-1,-1,-1,-1,-1,-,-1,-1
fresco-only-n-v2,20622,189.1410465,62.23496819,27.5,5.534,0,214.6,3.3e-18,2.3e-19,14,2,2,-1,-1,0.5,-,1,0.5
fresco-only-n-v2,20623,189.1411016,62.23491027,27.8,5.531,0,60.7,1.2e-18,2e-19,5.7,2,-1,-1,-1,-0.25,-,1,-0.25
fresco-only-n-v2,20754,189.3276138,62.2344588,26.23,5.228,0,80.8,2.7e-18,3.8e-19,7,1,2,2,1,1.5,-,1,1.5
fresco-only-n-v2,20894,189.2272045,62.23412125,26.51,4.955,0,197.8,2.6e-18,2e-19,12.9,2,3,3,2,2.5,-,-1,-1
fresco-only-n-v2,20923,189.2378799,62.23409965,27.15,5.421,0,190.3,2.7e-18,2.1e-19,12.7,1,1,2,2,1.5,-,1,1.5
fresco-only-n-v2,21013,189.2428425,62.23375129,27.38,5.604,0,95.8,1.7e-18,2.2e-19,7.9,0,1,2,2,1.25,-,1,1.25
fresco-only-n-v2,21046,189.3202954,62.23343204,24.16,5.189,0,2009,2.5e-17,5.6e-19,44.8,3,3,3,3,3,-,1,3
fresco-only-n-v2,21097,189.0936733,62.23481121,27.17,5.246,0,144.5,1.8e-18,1.7e-19,10.7,1,2,3,2,2,-,1,2
fresco-only-n-v2,21162,189.2603824,62.2332729,26.6,5.358,0,63,8.8e-19,1.5e-19,5.8,0,1,0,1,0.5,-,1,0.5
fresco-only-n-v2,21278,189.2084318,62.23381846,25.88,5.799,0,164,4.4e-18,3.9e-19,11.3,-1,2,3,2,1.5,-,2,2
fresco-only-n-v2,21288,189.2608202,62.23295301,27.6,5.366,0,64.8,1e-18,1.9e-19,5.6,1,2,2,0,1.25,-,2,2
fresco-only-n-v2,21339,189.2604892,62.232772,26.56,5.362,0,70,1.9e-18,2.8e-19,6.6,2,2,1,1,1.5,-,3,3
fresco-only-n-v2,21531,189.2081878,62.23211451,26.64,5.794,0,76.3,2.3e-18,3.2e-19,7.1,3,3,3,3,3,-,3,3
fresco-only-n-v2,21541,189.3461503,62.23204097,27.01,5.704,0,71.5,1.4e-18,2.1e-19,6.6,1,0,2,2,1.25,-,1,1.25
fresco-only-n-v2,21558,189.2613103,62.23194525,25.65,5.539,0,347.3,5.4e-18,3e-19,17.9,3,3,3,2,2.75,-,3,3
fresco-only-n-v2,21583,189.2070281,62.23191025,26.93,5.797,0.008,57.2,1.3e-18,2.5e-19,5.1,0,1,1,0,0.5,-,2,2
fresco-only-n-v2,21592,189.1493904,62.23184828,25.5,5.296,0,781,6.4e-18,2.3e-19,27.5,3,3,3,3,3,-,3,3
fresco-only-n-v2,21637,189.3281469,62.23168875,27.3,5.223,0.04,75.9,1.5e-18,2.2e-19,6.9,1,0,2,1,1,-,1,1
fresco-only-n-v2,21715,189.3574646,62.23146607,26.7,5.825,0.02,54.6,8.6e-19,1.6e-19,5.3,1,1,1,1,1,-,1,1
fresco-only-n-v2,21748,189.2177674,62.23138074,27.07,5.358,0.048,59.7,1.1e-18,2e-19,5.4,0,0,1,1,0.5,-,2,2
fresco-only-n-v2,21900,189.047729,62.23192566,27.81,4.953,0.077,77.8,1.9e-18,2.8e-19,7,2,2,2,2,2,-,1.5,1.5
fresco-only-n-v2,21904,189.1003318,62.23087935,25.71,5.198,0,196.1,4.5e-18,3.4e-19,12.9,2,2,3,3,2.5,-,1,2.5
fresco-only-n-v2,22086,189.1939541,62.2303394,27.82,5.416,0,60.6,1.2e-18,2.1e-19,5.5,0,1,1,1,0.75,-,2,2
fresco-only-n-v2,22409,189.1259116,62.22915004,24.87,5.181,0,720.1,8.5e-18,3.3e-19,25.8,3,3,3,3,3,-,1,3
fresco-only-n-v2,22555,189.0480789,62.22867267,27.19,5.854,0,74.2,2.2e-18,3.4e-19,6.6,2,2,2,1,1.75,-,1,1.75
fresco-only-n-v2,22652,189.1095254,62.22846427,25.47,5.346,0,91.9,1.9e-18,2.4e-19,8,1,1,2,1,1.25,-,1,1.25
fresco-only-n-v2,22667,189.0937266,62.22839604,27.49,5.215,0,865.5,6.9e-18,2.2e-19,32,2,-1,-1,2,0.5,-,0,0
fresco-only-n-v2,22726,189.1213542,62.22823836,26.73,5.357,0,180.7,3.8e-18,3.1e-19,12.5,3,2,3,3,2.75,-,3,3
fresco-only-n-v2,22899,189.1332925,62.22750703,24.13,5.177,0,987.8,1.2e-17,4e-19,30.8,3,3,3,2,2.75,-,1,2.75
fresco-only-n-v2,22918,189.1306659,62.22752117,27.57,5.174,0,196.7,2.4e-18,1.8e-19,13,1,3,3,2,2.25,-,1,2.25
fresco-only-n-v2,23106,189.1325937,62.22673865,26.04,5.178,0,363.2,4.2e-18,2.3e-19,18.2,2,3,3,3,2.75,-,1,2.75
fresco-only-n-v2,23191,189.3175508,62.22651065,26.8,4.957,0,372.2,4e-18,2.2e-19,18.5,2,3,3,2,2.5,-,1,2.5
fresco-only-n-v2,23427,189.2247797,62.22576244,26.57,5.201,0,129.7,1.2e-18,1.2e-19,10,1,2,2,1,1.5,-,1,1.5
fresco-only-n-v2,23441,189.0615063,62.22564125,27.63,6.513,0,89.9,2.3e-18,3e-19,7.6,-1,2,-1,0,0,-,0,0
fresco-only-n-v2,23493,189.1103467,62.22543821,25.37,5.347,0,946.1,1.3e-17,4.3e-19,30.5,3,3,3,3,3,-,3,3
fresco-only-n-v2,23511,189.1977494,62.22546293,27.37,4.861,0,79.7,2e-17,2.6e-18,7.7,1,1,1,0,0.75,-,0,0
fresco-only-n-v2,23520,189.2637918,62.22541303,25.09,5.213,0,2109.3,1.9e-17,4.2e-19,46.4,3,3,3,3,3,-,3,3
fresco-only-n-v2,23526,189.1353638,62.22535482,25.4,5.181,0,811.9,7.4e-18,2.6e-19,28.3,3,3,3,3,3,-,1,3
fresco-only-n-v2,23600,189.2374065,62.2281135,26.33,5.612,0,391.5,4.7e-18,2.4e-19,19.2,2,3,3,3,2.75,-,3,3
fresco-only-n-v2,23652,189.11981,62.22501229,27.2,5.172,0,103.4,1.6e-18,1.9e-19,8.5,1,2,3,2,2,-,1,2
fresco-only-n-v2,23812,189.1148119,62.22441683,25.37,5.986,0,205.1,4.7e-18,3.6e-19,13.1,2,2,3,2,2.25,-,3,3
fresco-only-n-v2,23856,189.2577239,62.22433425,26.37,5.203,0,114,2.6e-18,2.8e-19,9.2,1,2,3,3,2.25,-,1,2.25
fresco-only-n-v2,23864,189.1065586,62.22420853,27.2,5.833,0,128.8,1.8e-18,1.8e-19,10,-1,3,-1,2,0.75,-,1,0.75
fresco-only-n-v2,23865,189.1066232,62.224171,26.71,5.828,0,252.9,4.5e-18,3e-19,14.8,2,1,1,2,1.5,-,1,1.5
fresco-only-n-v2,24003,189.3214938,62.22371317,27.16,5.201,0,106.6,1.2e-18,1.4e-19,8.7,1,2,2,2,1.75,-,1,1.75
fresco-only-n-v2,24012,189.3222528,62.22369358,25.72,5.195,0,933.5,7.1e-18,2.4e-19,30.1,3,3,3,2,2.75,-,1,2.75
fresco-only-n-v2,24400,189.1496766,62.2221204,26.07,5.939,0,141.3,3.5e-18,3.3e-19,10.7,2,2,3,2,2.25,-,3,3
fresco-only-n-v2,24402,189.1494378,62.22198474,25.85,5.177,0,96.9,3e-18,3.7e-19,8,2,2,2,2,2,-,1,2
fresco-only-n-v2,24442,189.3107745,62.22191863,25.35,5.227,0,462,5.3e-18,2.6e-19,20.6,3,3,3,2,2.75,-,1,2.75
fresco-only-n-v2,24541,189.1169378,62.22207408,26.21,5.183,0,425.8,4.1e-18,2e-19,20,3,2,3,2,2.5,-,1,2.5
fresco-only-n-v2,24808,189.2512017,62.22062147,27.03,5.195,0,61,9.5e-19,1.9e-19,5.1,0,2,1,0,0.75,-,1,0.75
fresco-only-n-v2,24825,189.2229149,62.22053525,27.38,5.541,0,144.6,2.3e-18,2.1e-19,10.7,2,2,2,1,1.75,-,1,1.75
fresco-only-n-v2,24851,189.2354642,62.22043612,26.53,5.184,0,252.8,3.6e-18,2.4e-19,15,3,3,3,2,2.75,-,1,2.75
fresco-only-n-v2,24869,189.0626761,62.22027684,26.4,4.911,0,104,5.3e-18,6.4e-19,8.3,1,2,2,2,1.75,-,3,3
fresco-only-n-v2,24989,189.3163998,62.21986693,27.37,5.413,0,215.8,3.1e-18,2.3e-19,13.8,2,3,3,2,2.5,-,1,2.5
fresco-only-n-v2,25079,189.0970038,62.21954028,27.21,4.87,0,58.7,4.4e-17,6.2e-18,7.1,-1,2,-1,0,0,-,0,0
fresco-only-n-v2,25232,189.0480152,62.21888646,27.66,5.018,0,81.4,1.3e-18,1.8e-19,7,2,2,2,0,1.5,-,1,1.5
fresco-only-n-v2,25365,189.248984,62.21833886,26.8,5.171,0.04,95.9,2.4e-18,3e-19,8,1,2,2,2,1.75,-,1,1.75
fresco-only-n-v2,25654,189.1680518,62.21701895,26.13,5.875,0,112.5,2.4e-18,2.6e-19,9.4,1,2,2,2,1.75,-,2,2
fresco-only-n-v2,25768,189.2211926,62.21651426,25.93,5.184,0,106.7,3.3e-18,3.8e-19,8.7,3,2,3,2,2.75,-,1,2.75
fresco-only-n-v2,25772,189.3043355,62.21651252,27.09,5.296,0,1797.9,9e-18,2e-19,45.3,-1,3,-1,3,1,-,1,1
fresco-only-n-v2,25793,189.209732,62.21662257,28.15,5.176,0,61.3,1.1e-18,1.9e-19,5.6,1,0,2,1,1,-,1,1
fresco-only-n-v2,25844,189.2549679,62.21624771,26.98,5.347,0,101.9,2.6e-18,3.1e-19,8.4,1,2,3,2,2,-,1,2
fresco-only-n-v2,25846,189.2607227,62.21625879,27.15,5.43,0,182.1,2.8e-18,2.2e-19,12.7,3,3,3,2,2.75,-,3,3
fresco-only-n-v2,25858,189.29184,62.21622019,26.46,4.976,0.01,62.5,1.6e-18,2.7e-19,5.7,1,1,0,1,0.75,-,1,0.75
fresco-only-n-v2,25920,189.0663614,62.21592713,26.58,5.661,0,95.6,2.7e-18,3e-19,9,1,2,2,1,1.5,-,3,3
fresco-only-n-v2,25950,189.0819368,62.21579228,27.01,5.243,0,682.1,9.7e-18,3.8e-19,25.7,-1,3,-1,2,0.75,-,-1,-1
fresco-only-n-v2,25995,189.3002384,62.21566923,26.37,5.063,0,239.9,3.5e-18,2.4e-19,14.4,2,2,3,1,2,-,1,2
fresco-only-n-v2,26090,189.0774084,62.2153399,27.62,5.037,0,1824.6,1.2e-17,2.6e-19,45.8,-1,3,-1,2,0.75,-,1,0.75
fresco-only-n-v2,26092,189.2063257,62.21532008,25.37,5.187,0,340.7,5e-18,2.9e-19,17.6,2,3,3,2,2.5,-,1,2.5
fresco-only-n-v2,26378,189.058138,62.21396189,25.9,5.293,0,86,2e-18,2.8e-19,7.3,1,1,2,2,1.5,-,3,3
fresco-only-n-v2,26417,189.1798051,62.21390536,27.07,5.525,0,282,4.8e-18,2.9e-19,16.6,1,3,1,2,1.75,-,1,1.75
fresco-only-n-v2,26498,189.2068236,62.2134995,26.6,5.535,0,199.6,2.2e-18,1.7e-19,13,1,3,3,2,2.25,-,3,3
fresco-only-n-v2,26540,189.2077614,62.21322122,25.22,5.183,0,413.4,8.1e-18,4.1e-19,19.6,3,3,3,2,2.75,-,1,2.75
fresco-only-n-v2,26573,189.1731432,62.21315634,27.41,4.924,0,118.6,2.5e-18,2.7e-19,9.4,1,1,3,2,1.75,-,2,2
fresco-only-n-v2,26600,189.1886005,62.21302379,26.69,5.429,0,166.7,2.5e-18,2.1e-19,11.7,2,3,3,2,2.5,-,3,3
fresco-only-n-v2,26689,189.0852424,62.21261678,26.63,4.913,0,165.9,7.1e-18,6.2e-19,11.5,1,3,2,2,2,-,3,3
fresco-only-n-v2,26821,189.3001474,62.21206452,24.93,5.225,0,1072.4,5.6e-18,1.7e-19,33.6,2,3,3,2,2.5,-,1,2.5
fresco-only-n-v2,26849,189.2262867,62.21189166,24.78,5.308,0,288.6,6.5e-18,4e-19,16.1,2,3,3,2,2.5,-,3,3
fresco-only-n-v2,26916,189.1484747,62.21164593,26.62,5.488,0,108.8,2.5e-18,2.9e-19,8.8,1,1,1,2,1.25,-,2,2
fresco-only-n-v2,26959,189.1180728,62.21141149,27.49,5.545,0,92.3,2.1e-18,2.6e-19,8.2,2,2,3,1,2,-,3,3
fresco-only-n-v2,26982,189.1392585,62.21129962,26.46,5.608,0,61.3,1.9e-18,3.3e-19,5.6,0,1,1,1,0.75,-,2,2
fresco-only-n-v2,27086,189.3057785,62.21087962,25.02,5.226,0,1092.1,1.1e-17,3.4e-19,34.2,2,3,2,3,2.5,-,1,2.5
fresco-only-n-v2,27315,189.1897905,62.21011403,26.24,5.648,0,853.5,7.4e-18,2.6e-19,28.9,-1,3,-1,2,0.75,-,1,0.75
fresco-only-n-v2,27349,189.1855885,62.21002656,27.6,5.604,0,62.7,8.1e-19,1.4e-19,5.7,0,1,0,1,0.5,-,2,2
fresco-only-n-v2,27435,189.25841,62.20961418,27.64,5.046,0,244.6,3.4e-18,2.3e-19,15,-1,3,-1,2,0.75,-,1,0.75
fresco-only-n-v2,27451,189.2861378,62.20948647,26.16,5.381,0,74.1,1.5e-18,2.1e-19,7.3,-1,-1,-1,1,-0.5,-,1,-0.5
fresco-only-n-v2,27516,189.2664022,62.20914476,24.63,5.223,0,615.1,8.3e-18,3.4e-19,24,3,3,3,2,2.75,-,1,2.75
fresco-only-n-v2,27558,189.139015,62.2089876,26.65,4.885,0,59.3,7.6e-18,1.4e-18,5.3,0,0,0,0,0,-,0,0
fresco-only-n-v2,27660,189.1212874,62.20852944,26.11,5.182,0,227.5,5e-18,3.5e-19,14.3,3,3,3,2,2.75,-,1,2.75
fresco-only-n-v2,27668,189.2756849,62.20851931,27.12,5.174,0,86.4,1.7e-18,2.2e-19,7.7,1,2,2,2,1.75,-,1,1.75
fresco-only-n-v2,27704,189.2559757,62.20839706,28.27,5.359,0,58.7,1.1e-18,2e-19,5.4,0,0,2,2,1,-,1,1
fresco-only-n-v2,27781,189.2613266,62.20800467,24.87,5.227,0,1619.8,1.7e-17,4.2e-19,40.4,3,3,3,3,3,-,1,3
fresco-only-n-v2,27842,189.2542433,62.20769364,26.34,5.223,0,288.1,3.8e-18,2.3e-19,16.2,3,3,3,2,2.75,-,1,2.75
fresco-only-n-v2,27867,189.1634844,62.20778124,27.78,5.194,0,124.6,1.4e-18,1.5e-19,9.5,-1,-1,-1,-1,-1,-,-1,-1
fresco-only-n-v2,27927,189.2087293,62.20743093,25.04,5.174,0,153.8,5.4e-18,4.9e-19,11,-1,2,1,2,1,-,1,1
fresco-only-n-v2,27964,189.1145941,62.20725374,26.28,5.185,0,68.7,2e-18,3.2e-19,6.1,1,1,1,2,1.25,-,1,1.25
fresco-only-n-v2,27972,189.2580807,62.20723041,26.09,5.489,0,94.1,2.8e-18,3.6e-19,8,1,1,2,2,1.5,-,1,1.5
fresco-only-n-v2,27974,189.2096473,62.20725395,26.37,5.181,0,269.3,5e-18,3.2e-19,15.6,3,3,3,2,2.75,-,1,2.75
fresco-only-n-v2,28139,189.0970298,62.20637429,25.69,5.186,0,120.1,3.8e-18,4e-19,9.5,3,1,2,3,2.25,-,1,2.25
fresco-only-n-v2,28145,189.0965853,62.20648556,27.02,5.179,0,307.8,3.5e-18,2e-19,16.9,2,3,3,3,2.75,-,1,2.75
fresco-only-n-v2,28349,189.1538037,62.20559638,27.12,5.985,0,11731.5,8.6e-17,5.3e-19,162.8,-1,2,-1,-1,-0.25,-,-1,-1
fresco-only-n-v2,28376,189.2494022,62.20528882,24.01,5.227,0,579.8,1.1e-17,4.6e-19,23.1,3,3,-1,3,2,-,1,2
fresco-only-n-v2,28377,189.2491226,62.20517561,23.28,5.225,0,2238.3,3.3e-17,7e-19,46.9,3,3,3,3,3,-,1,3
fresco-only-n-v2,28456,189.0735956,62.2053559,27.25,5.189,0,113.9,1.8e-18,1.9e-19,9,2,2,3,3,2.5,-,1,2.5
fresco-only-n-v2,28476,189.0860884,62.20467681,26.56,5.165,0,176.5,2.9e-18,2.4e-19,12.1,2,3,3,2,2.5,-,1,2.5
fresco-only-n-v2,28488,189.2029504,62.20463557,23.35,5.186,0,2761,3.6e-17,6.8e-19,52.6,3,3,3,2,2.75,-,1,2.75
fresco-only-n-v2,28503,189.1254371,62.20486046,26.71,6.005,0,152.2,3.1e-18,2.8e-19,11,1,3,3,2,2.25,-,3,3
fresco-only-n-v2,28561,189.2258353,62.20422298,25.25,6.554,0,262.6,9.9e-18,6.5e-19,15.3,3,3,3,3,3,-,3,3
fresco-only-n-v2,28633,189.2014922,62.2047945,24.59,5.158,0,89.7,4.5e-18,6.2e-19,7.2,-1,-1,2,1,0.25,-,1,0.25
fresco-only-n-v2,28729,189.1734136,62.20354427,26.32,6.04,0,82.6,2.5e-18,3.3e-19,7.5,1,1,2,1,1.25,-,1,1.25
fresco-only-n-v2,28757,189.2468963,62.20343044,25.78,5.187,0,203.5,3.8e-18,2.9e-19,13.2,3,3,3,2,2.75,-,1,2.75
fresco-only-n-v2,28879,189.1227409,62.20280755,26.67,5.425,0,131,3.5e-18,3.5e-19,10,2,2,3,2,2.25,-,3,3
fresco-only-n-v2,28978,189.2319829,62.20232286,26.1,6.55,0,63,3.2e-18,5.7e-19,5.7,0,0,0,1,0.25,-,2,2
fresco-only-n-v2,29023,189.2354865,62.2020953,24.51,5.166,0.04,240.2,4.4e-18,3.1e-19,14.2,1,1,2,2,1.5,-,1,1.5
fresco-only-n-v2,29027,189.1103259,62.20205757,25.33,5.194,0,229.1,5.4e-18,3.8e-19,14,3,3,3,2,2.75,-,3,3
fresco-only-n-v2,29042,189.2118523,62.20204372,27.06,5.023,0.04,65.7,1.5e-18,2.5e-19,5.9,2,1,2,1,1.5,-,2,2
fresco-only-n-v2,29070,189.2453754,62.20180344,26.17,5.775,0,76.9,2.2e-18,3e-19,7.3,1,1,2,2,1.5,-,2,2
fresco-only-n-v2,29081,189.0781822,62.20176602,27.46,5.183,0.04,98.3,1.3e-18,1.7e-19,8.1,1,2,2,1,1.5,-,1,1.5
fresco-only-n-v2,29300,189.0820964,62.20066336,27.79,5.065,0,322.6,3.8e-18,2.1e-19,18,-1,2,-1,-1,-0.25,-,-1,-1
fresco-only-n-v2,29306,189.1893727,62.20065279,25.83,5.476,0.017,61.7,2.3e-18,4.1e-19,5.7,0,1,1,-1,0.25,-,1,0.25
fresco-only-n-v2,29399,189.2385341,62.20021176,26.05,5.179,0,86.7,2.1e-18,2.8e-19,7.5,2,1,2,0,1.25,-,1,1.25
fresco-only-n-v2,29403,189.2000206,62.20019294,26.75,4.952,0,172.5,4.1e-18,3.4e-19,12,3,3,3,2,2.75,-,3,3
fresco-only-n-v2,29425,189.2578412,62.19998174,26,5.786,0,236.5,4.7e-18,3.2e-19,14.6,2,1,-1,-1,0.25,-,-1,-1
fresco-only-n-v2,29446,189.1680038,62.19989812,27.36,6.022,0,74.5,2e-18,2.7e-19,7.3,0,0,0,2,0.5,-,1,0.5
fresco-only-n-v2,29458,189.0840225,62.19979585,26.12,5.403,0,400.8,7.8e-18,4e-19,19.5,2,3,3,-1,1.75,-,1,1.75
fresco-only-n-v2,29490,189.2202217,62.19968242,25.55,5.179,0,56.4,2.2e-18,4.3e-19,5.1,0,1,0,0,0.25,-,1,0.25
fresco-only-n-v2,29503,189.2650846,62.1996156,26.9,5.195,0,277.2,2.1e-18,1.1e-19,18.7,2,3,-1,-1,0.75,-,1,0.75
fresco-only-n-v2,29509,189.1555652,62.20008383,24.73,5.456,0,2152.8,1.6e-17,3.4e-19,46.7,3,3,-1,2,1.75,-,3,3
fresco-only-n-v2,29522,189.2650162,62.19954805,27.38,5.199,0,379.4,2.7e-18,1.2e-19,22.5,-1,-1,-1,-1,-1,-,-1,-1
fresco-only-n-v2,29525,189.1912511,62.19950216,26.24,5.598,0,113,3.5e-18,3.8e-19,9.2,2,3,3,2,2.5,-,3,3
fresco-only-n-v2,29671,189.1071629,62.19865573,27.34,5.179,0.04,74.9,1.8e-18,2.6e-19,6.8,1,2,2,1,1.5,-,1,1.5
fresco-only-n-v2,29820,189.1563272,62.19777891,26.07,5.606,0,156.4,2.3e-18,2.1e-19,11.2,1,2,-1,2,1,-,2,2
fresco-only-n-v2,29840,189.1555753,62.19764952,27.07,5.605,0,103.5,1.3e-18,1.5e-19,8.8,0,2,0,2,1,-,2,2
fresco-only-n-v2,29918,189.1492503,62.19732976,27.39,6.008,0,68.3,1.6e-18,2.6e-19,6.2,2,1,2,2,1.75,-,2,2
fresco-only-n-v2,29980,189.2538365,62.19702042,26.17,5.224,0,526,4.9e-18,2.2e-19,22.9,2,3,3,3,2.75,-,1,2.75
fresco-only-n-v2,30004,189.1588505,62.19681463,26.3,5.457,0,185.7,2.4e-18,2e-19,12.1,1,2,2,2,1.75,-,2,2
fresco-only-n-v2,30189,189.1504457,62.19569882,26.79,6.01,0.041,135.9,2.9e-18,2.7e-19,10.7,2,3,1,2,2,-,2,2
fresco-only-n-v2,30235,189.1872786,62.19548804,26.84,5.601,0,294.2,4.9e-18,3e-19,16.4,2,3,3,3,2.75,-,3,3
fresco-only-n-v2,30244,189.1005413,62.19537015,25.68,5.611,0,395,7.7e-18,4e-19,19.1,3,3,3,2,2.75,-,3,3
fresco-only-n-v2,30247,189.2182499,62.19540773,27.66,6.197,0,146.7,3.5e-18,3.3e-19,10.8,-1,2,3,1,1.25,-,1,1.25
fresco-only-n-v2,30328,189.2616656,62.19489717,26.42,5.226,0,457.9,4.2e-18,2e-19,21.4,3,3,3,3,3,-,1,3
fresco-only-n-v2,30699,189.099337,62.19527182,27.18,5.609,0,65.6,1.4e-18,2.4e-19,5.9,1,1,1,1,1,-,3,3
fresco-only-n-v2,30886,189.136218,62.19182575,25.44,5.35,0,548.9,4.7e-18,2.1e-19,22.8,3,3,3,3,3,-,3,3
fresco-only-n-v2,31081,189.1730434,62.19050527,26.29,5.148,0.04,71.5,2.3e-18,3.7e-19,6.2,-1,2,2,-1,0.5,-,1,0.5
fresco-only-n-v2,31085,189.2051642,62.19056938,27.4,4.912,0.124,46.6,2.3e-18,4.7e-19,5,1,1,0,1,0.75,-,1,0.75
fresco-only-n-v2,31100,189.2345512,62.19047917,27.16,5.182,0.032,67.7,1e-18,1.7e-19,6.1,0,0,1,1,0.5,-,1,0.5
fresco-only-n-v2,31125,189.1414914,62.19029245,25.67,5.609,0,1521,9.8e-18,2.5e-19,40,3,3,3,3,3,-,3,3
fresco-only-n-v2,31145,189.1748355,62.19013946,25.53,6.03,0,295.2,7e-18,4.2e-19,16.8,3,3,3,2,2.75,-,3,3
fresco-only-n-v2,31167,189.1522317,62.19002409,27.04,5.607,0,68.1,1.9e-18,3.1e-19,6.2,2,2,2,1,1.75,-,2,2
fresco-only-n-v2,31213,189.2171522,62.189619,26.91,5.293,0,85.9,2e-18,2.7e-19,7.5,2,1,3,1,1.75,-,1,1.75
fresco-only-n-v2,31301,189.10583,62.18884334,24.8,5.162,0,1831.5,1.4e-17,3.1e-19,43.7,2,3,3,2,2.5,-,1,2.5
fresco-only-n-v2,31358,189.1040227,62.18842359,24.99,5.162,0,216.4,4.7e-18,3.5e-19,13.6,3,3,2,2,2.5,-,1,2.5
fresco-only-n-v2,31367,189.096739,62.18839092,-99,5.183,0,133.7,4.3e-18,4.2e-19,10.3,1,2,2,1,1.5,-,1,1.5
fresco-only-n-v2,31564,189.1785899,62.18719834,25.99,5.504,0,337.8,4.5e-18,2.6e-19,17.3,3,3,3,3,3,-,3,3
fresco-only-n-v2,31643,189.2108447,62.18663157,26.74,5.422,0,119.5,2.6e-18,2.7e-19,9.6,3,2,2,3,2.5,-,1,2.5
fresco-only-n-v2,31923,189.1878561,62.18441294,26.91,6.402,0.026,51.6,1.9e-18,3.7e-19,5.1,1,1,1,0,0.75,-,1,0.75
fresco-only-n-v2,31971,189.1696611,62.18387457,25.89,5.184,0,219.6,5.1e-18,3.6e-19,13.9,3,3,3,3,3,-,1,3
fresco-only-n-v2,31981,189.1528336,62.18380232,27.16,6.327,0,258.3,7e-18,4.5e-19,15.5,3,1,-1,2,1.25,-,1,1.25
fresco-only-n-v2,32013,189.1491546,62.18356976,26.87,5.849,0,78.5,2.3e-18,3.2e-19,7.2,3,2,2,1,2,-,3,3
fresco-only-n-v2,32252,189.1403841,62.18158494,25.3,5.278,0,786.9,1.1e-17,3.9e-19,28.2,3,3,3,3,3,-,1,3
fresco-only-n-v2,32260,189.2021788,62.18161811,27.51,5.421,0,119.3,4.4e-18,1.8e-19,24.2,-1,-1,-1,-1,-1,-,-1,-1
fresco-only-n-v2,32389,189.1633236,62.18048754,26.54,5.754,0,110.8,2.5e-18,2.8e-19,9,2,2,2,3,2.25,-,1,2.25
fresco-only-n-v2,32428,189.1203844,62.17923289,19.72,4.928,0.001,85.1,1.7e-17,2.1e-18,8.2,0,0,0,0,0,-,0,0
fresco-only-n-v2,32448,189.1432104,62.17985559,25.15,5.652,0,245.6,8.6e-18,5.8e-19,14.9,-1,3,3,2,1.75,-,3,3
fresco-only-n-v2,32451,189.1839132,62.17993121,27.61,5.233,0.04,84.8,1.4e-18,1.9e-19,7.7,2,2,2,1,1.75,-,1,1.75
fresco-only-n-v2,32485,189.1429918,62.17967947,26.94,5.651,0,61.3,1.2e-18,2.2e-19,5.7,1,2,2,0,1.25,-,2,2
fresco-only-n-v2,32657,189.2067038,62.17749068,24.51,5.782,0,301.6,5.9e-18,3.6e-19,16.4,2,3,2,2,2.25,-,1,2.25
fresco-only-n-v2,32719,189.1694567,62.17668906,25.79,4.879,0,246.4,2.8e-17,1.8e-18,15.6,0,3,0,0,0.75,-,0,0
fresco-only-n-v2,32735,189.1574181,62.1765151,25.45,5.611,0,430.3,7.1e-18,3.5e-19,20.1,3,3,3,3,3,-,3,3
fresco-only-n-v2,32748,189.1398838,62.17637742,27.98,5.292,0,59.2,9.8e-19,1.8e-19,5.4,1,1,0,0,0.5,-,1,0.5
fresco-only-n-v2,32810,189.1939591,62.17536471,26.33,5.226,0,285.1,2.8e-18,1.8e-19,15.9,2,3,3,3,2.75,-,1,2.75
fresco-only-n-v2,32867,189.1733897,62.17449268,25.56,5.544,0,192.1,5.4e-18,4.2e-19,12.9,1,2,2,2,1.75,-,3,3
fresco-only-n-v2,32937,189.1719122,62.17327917,25.99,5.361,0,144.2,3.7e-18,3.4e-19,10.7,2,3,2,2,2.25,-,1,2.25
fresco-only-n-v2,33009,189.179133,62.17173451,26.42,4.946,0.019,66.4,1.5e-18,2.6e-19,5.7,0,0,0,0,0,-,0,0
fresco-only-n-v2,33015,189.1823634,62.17166789,26.67,5.227,0,158.8,2.1e-18,1.8e-19,11.1,3,3,3,3,3,-,1,3
fresco-only-n-v2,33144,189.1390498,62.16912441,27.58,4.924,0,81.1,3.7e-18,5.4e-19,6.9,-1,0,-1,0,-0.5,-,1,-0.5
fresco-only-n-v2,33145,189.1865271,62.16909113,26.89,5.184,0,125.2,1.9e-18,2e-19,9.7,2,3,3,1,2.25,-,1,2.25
fresco-only-n-v2,33188,189.1596863,62.16833535,26.22,6.083,0,265.6,4.2e-18,2.8e-19,15.4,-1,3,-1,2,0.75,-,1,0.75
fresco-only-n-v2,33189,189.1438541,62.16829739,27.05,5.885,0,92.1,2.9e-18,3.6e-19,8,3,2,3,3,2.75,-,1,2.75
fresco-only-n-v2,33214,189.1452326,62.16775498,25.23,5.363,0.035,63,1.8e-18,3.3e-19,5.5,1,1,1,2,1.25,-,1,1.25
fresco-only-n-v2,33222,189.1638175,62.16764366,25.57,5.305,0,825.4,7.4e-18,2.6e-19,28.9,3,3,3,3,3,-,1,3
fresco-only-n-v2,33388,189.1658396,62.16362945,-99,5.183,0,3956,1.8e-17,2.8e-19,66.4,3,3,3,3,3,-,1,3
fresco-only-n-v2,33446,189.1461784,62.16201936,27.58,5.653,0,763.6,6.8e-18,2.2e-19,30.8,-1,3,-1,2,0.75,-,1,0.75
fresco-only-n-v2,33454,189.1435851,62.16167692,-99,4.966,0,2099,4.1e-17,7.7e-19,53.1,3,-1,-1,2,0.75,-,1,0.75
fresco-only-n-v2,33482,189.1688211,62.16050856,27.02,5.212,0,173.6,2e-18,1.6e-19,12.7,2,2,2,0,1.5,-,1,1.5
fresco-only-n-v2,33488,189.1518721,62.16022685,-99,5.314,0,103.9,1.5e-18,1.7e-19,8.6,2,2,2,1,1.75,-,1,1.75
fresco-only-n-v2,33498,189.1484518,62.15985534,26.5,5.453,0.012,118,2.5e-18,2.6e-19,9.5,2,1,-1,1,0.75,-,1,0.75
multigalaxies-GN,1000001,189.1759644,62.3115387,26,5.661,0.002,107.1,1.7e-18,2e-19,8.7,2,2,1,2,1.75,"[1222, 1223]",3,3
multigalaxies-GN,1000002,189.2036438,62.30360413,25.2,5.282,0.01,63.1,2.5e-18,4.5e-19,5.6,3,3,2,2,2.5,"[2090, 2091]",3,3
multigalaxies-GN,1000003,189.1650696,62.30020142,25.57,6.563,0.002,190.8,6.1e-18,4.7e-19,12.9,3,3,2,3,2.75,"[2488, 2489]",3,3
multigalaxies-GN,1000004,189.1424866,62.28573227,25.52,5.266,0.001,956.4,1.1e-17,3.5e-19,32.1,3,3,3,3,3,"[4814, 4815]",3,3
multigalaxies-GN,1000005,189.3169556,62.28102112,24.52,5.196,0.001,1499.2,2e-17,5e-19,39.3,3,3,3,3,3,"[5795, 5796]",1,3
multigalaxies-GN,1000006,189.3154144,62.26380157,25.12,5.197,0.001,2279.8,1.6e-17,3.2e-19,52.1,3,2,3,3,2.75,"[10632, 10633]",1,2.75
multigalaxies-GN,1000007,189.290451,62.26296997,26.04,5.847,0.002,87.5,3.1e-18,4e-19,7.7,2,2,2,1,1.75,"[10896, 10912]",3,3
multigalaxies-GN,1000008,189.2312164,62.25912476,24.33,5.186,0.001,6041.1,3.2e-17,4e-19,80.6,3,3,3,3,3,"[12143, 12144, 12145]",1,3
multigalaxies-GN,1000010,189.3534546,62.2507515,23.94,5.311,0.001,4570.5,4.2e-17,6e-19,70.4,3,3,2,3,2.75,"[14935, 15492]",3,3
multigalaxies-GN,1000011,189.2486572,62.24845886,24.03,5.18,0.002,600,1.2e-17,5.1e-19,23.9,3,3,3,3,3,"[15845, 15846, 15847]",1,3
multigalaxies-GN,1000014,189.0886078,62.23950195,24.73,5.444,0.001,560.4,7.7e-18,3.3e-19,23.3,2,3,2,1,2,"[19032, 19033]",3,3
multigalaxies-GN,1000015,189.0948181,62.23940659,24.83,5.296,0.001,832.6,1.1e-17,3.7e-19,28.6,3,3,3,3,3,"[19050, 19091]",3,3
multigalaxies-GN,1000016,189.1195984,62.23855209,25.37,5.275,0.002,229.7,5.8e-18,4.1e-19,14.3,2,3,3,3,2.75,"[19366, 19367, 19368]",3,3
multigalaxies-GN,1000019,189.3418427,62.23205948,25.52,5.652,0.002,121.4,4e-18,4e-19,9.9,1,3,2,2,2,"[21511, 21512]",1,2
multigalaxies-GN,1000020,189.1277161,62.22890472,26.66,5.174,0.002,91.8,1.9e-18,2.4e-19,7.8,1,2,3,2,2,"[22501, 22513]",1,2
multigalaxies-GN,1000021,189.1134186,62.22766495,25.39,4.911,0.002,120.6,1.2e-17,1.4e-18,9,0,0,2,2,1,"[22857, 22858]",3,3
multigalaxies-GN,1000023,189.106308,62.22282791,26.55,5.344,0.003,72.2,2.1e-18,3.2e-19,6.4,0,1,1,2,1,"[24215, 24216]",3,3
multigalaxies-GN,1000024,189.2259674,62.22212601,25.7,5.303,0.002,272.7,3.9e-18,2.5e-19,16,3,2,2,2,2.25,"[24398, 24399]",3,3
multigalaxies-GN,1000025,189.100708,62.22021484,25.29,5.031,0.003,101,4.3e-18,5.1e-19,8.4,3,2,2,2,2.25,"[24889, 24890, 24891]",3,3
multigalaxies-GN,1000026,189.286438,62.20702744,26.35,5.969,0.002,181.3,3.6e-18,2.9e-19,12.4,3,3,3,2,2.75,"[28017, 28018]",1,2.75
multigalaxies-GN,1000027,189.2856598,62.20675278,25.88,5.228,0.002,701.7,7.6e-18,2.9e-19,26.5,3,3,3,3,3,"[28066, 28067]",1,3
multigalaxies-GN,1000028,189.0838776,62.19959259,24.1,5.181,0.002,1214.7,2.2e-17,6.4e-19,34.7,3,3,3,3,3,"[29459, 29460]",1,3
multigalaxies-GN,1000030,189.2167969,62.19579697,24.38,5.183,0.002,270.7,8.5e-18,5.4e-19,15.7,3,2,2,2,2.25,"[30160, 30161, 30162]",1,2.25
multigalaxies-GN,1000031,189.175705,62.18671036,24.12,5.185,0.002,257,9.3e-18,6.1e-19,15.2,3,3,3,2,2.75,"[31612, 31625]",1,2.75
multigalaxies-GN,1000032,189.215744,62.18645859,24.69,5.184,0.002,2093,1.9e-17,3.9e-19,48.2,3,3,3,3,3,"[31651, 31764, 31855]",1,3
multigalaxies-GN,1000033,189.1946869,62.18166733,25.62,5.183,0.002,142.7,4.4e-18,4.2e-19,10.6,3,3,2,2,2.5,"[32236, 32237, 32238]",1,2.5
multigalaxies-GN,1000034,189.2108917,62.18120575,24.87,5.785,0.002,1303.7,1.7e-17,4.8e-19,36.6,3,3,3,3,3,"[32296, 32297]",1,3
multigalaxies-GN,1000035,189.2073517,62.17918777,25.35,5.187,0.001,526.8,5e-18,2.3e-19,22.2,2,3,2,2,2.25,"[32518, 32519]",1,2.25