slit,targetnum,name,ra,dec,pmra,pmdec,mag,priority,epoch,type,wave_start,wave_end,side,mask
3,6,Hu10_z6_7,189.032761,62.143970,0,0,0.001000,1.000000,2000,TARGET,7629.184137,10151.821434,A,2020A_1
2,4,f_3,188.910191,62.352588,0,0,0.001000,1.000000,2000,STANDARD,6841.397951,9364.381562,A,2020A_1
1,3,f_2,188.902346,62.363999,0,0,0.001000,1.000000,2000,STANDARD,6797.170757,9320.174983,A,2020A_1
1,5,Hu10_z6_12,189.320312,62.233444,0,0,0.001000,1.000000,2000,TARGET,7444.774877,9967.486824,B,2020A_1
3,8,Stark11_34_24923,189.284531,62.287498,0,0,0.001000,1.000000,2000,TARGET,7664.627169,10187.243059,B,2020A_1
4,10,Stark11_24_28120,189.321457,62.290100,0,0,0.001000,1.000000,2000,TARGET,7552.062104,10074.728572,B,2020A_1
6,13,Hu10_z7_2,189.356888,62.295319,0,0,0.001000,1.000000,2000,TARGET,7449.739022,9972.451764,B,2020A_1
5,11,Stark11_24_26902,189.307617,62.323444,0,0,0.001000,1.000000,2000,TARGET,7664.948467,10187.567477,B,2020A_1
2,2,f_1,189.462416,62.363585,0,0,0.001000,1.000000,2000,STANDARD,6913.536511,9436.487893,B,2020A_2
1,1,f_0,189.453601,62.369844,0,0,0.001000,1.000000,2000,STANDARD,6871.228510,9394.198333,B,2020A_2
3,5,Hu10_z6_6,189.324554,62.299732,0,0,0.001000,1.000000,2000,TARGET,7411.118002,9933.845031,B,2020A_2
4,7,Jung18_z7_GND_10402,189.179276,62.275894,0,0,0.001000,1.000000,2000,TARGET,7634.036451,10156.665533,B,2020A_2
2,2,f_1,189.462416,62.363585,0,0,0.001000,1.000000,2000,STANDARD,7330.799680,9853.570196,B,2020A_3
1,1,f_0,189.453601,62.369844,0,0,0.001000,1.000000,2000,STANDARD,7368.566188,9891.320664,B,2020A_3
2,4,f_3,188.910191,62.352588,0,0,0.001000,1.000000,2000,STANDARD,7036.745254,9559.638787,A,2020A_4
1,3,f_2,188.902346,62.363999,0,0,0.001000,1.000000,2000,STANDARD,6968.799027,9491.722902,A,2020A_4
1,5,Stark11_33_19990,189.231018,62.252335,0,0,0.001000,1.000000,2000,TARGET,7496.269536,10018.958613,B,2020A_4
4,8,3DHST_19140,189.183655,62.236137,0,0,0.001000,2.000000,2000,TARGET,7558.674937,10081.336269,B,2020A_4
3,7,3DHST_18608,189.208710,62.233650,0,0,0.001000,2.000000,2000,TARGET,7480.043996,10002.740258,B,2020A_4
9,36,z6_GNW_10822,188.995300,62.171459,0,0,0.001000,3.000000,2000,TARGET,7451.875564,9974.589140,A,2020A_1
4,17,z5_GNW_10084,189.057281,62.166943,0,0,0.001000,3.000000,2000,TARGET,7659.489008,10182.109868,A,2020A_1
7,33,z5_GNW_11324,189.068375,62.174931,0,0,0.001000,3.000000,2000,TARGET,7678.594107,10201.205585,A,2020A_1
10,37,z6_GNW_14478,189.001450,62.194984,0,0,0.001000,3.000000,2000,TARGET,7423.743840,9946.467765,A,2020A_1
5,18,z5_GNW_15423,188.979294,62.201313,0,0,0.001000,3.000000,2000,TARGET,7340.069948,9862.830845,A,2020A_1
14,41,z6_GNW_16088,188.953293,62.207077,0,0,0.001000,3.000000,2000,TARGET,7245.204550,9768.007484,A,2020A_1
8,35,z6_GNW_16141,189.019241,62.207722,0,0,0.001000,3.000000,2000,TARGET,7455.468659,9978.177450,A,2020A_1
12,39,z6_GNW_16618,188.995880,62.212585,0,0,0.001000,3.000000,2000,TARGET,7370.973465,9893.719744,A,2020A_1
20,94,z7_GNW_17001,189.032486,62.216415,0,0,0.001000,3.000000,2000,TARGET,7480.930735,10003.627636,A,2020A_1
16,67,z6_GND_22789,189.057785,62.239265,0,0,0.001000,3.000000,2000,TARGET,7518.354118,10041.033471,A,2020A_1
15,66,z6_GND_22665,189.119446,62.239944,0,0,0.001000,3.000000,2000,TARGET,7715.131881,10237.723533,A,2020A_1
18,91,z7_GND_16759,189.079834,62.256454,0,0,0.001000,3.000000,2000,TARGET,7557.170779,10079.832670,A,2020A_1
6,21,z5_GND_15562,189.106384,62.259712,0,0,0.001000,3.000000,2000,TARGET,7636.568849,10159.195439,A,2020A_1
19,92,z7_GND_10568,189.139160,62.275288,0,0,0.001000,3.000000,2000,TARGET,7713.873165,10236.465730,A,2020A_1
16,29,z6_GNW_4311,189.178604,62.132816,0,0,0.001000,3.000000,2000,TARGET,7728.149702,10250.742081,B,2020A_1
21,45,z6_GND_3883,189.303238,62.178509,0,0,0.001000,3.000000,2000,TARGET,7399.666515,9922.399783,B,2020A_1
22,46,z6_GND_37114,189.276001,62.195805,0,0,0.001000,3.000000,2000,TARGET,7518.356252,10041.036072,B,2020A_1
35,77,z7_GND_34730,189.225845,62.204224,0,0,0.001000,3.000000,2000,TARGET,7695.302421,10217.903420,B,2020A_1
23,47,z6_GND_36192,189.293243,62.198696,0,0,0.001000,3.000000,2000,TARGET,7467.854750,9990.556868,B,2020A_1
32,74,z6_GND_35540,189.337234,62.201584,0,0,0.001000,3.000000,2000,TARGET,7331.090036,9853.852783,B,2020A_1
8,20,z5_GND_30190,189.248978,62.218365,0,0,0.001000,3.000000,2000,TARGET,7646.233321,10168.855710,B,2020A_1
24,48,z6_GND_25195,189.260529,62.232784,0,0,0.001000,3.000000,2000,TARGET,7635.671034,10158.297990,B,2020A_1
33,75,z6_GND_29625,189.403580,62.219875,0,0,0.001000,3.000000,2000,TARGET,7151.270034,9674.112574,B,2020A_1
18,42,z6_GND_28043,189.418427,62.224796,0,0,0.001000,3.000000,2000,TARGET,7112.860742,9635.720439,B,2020A_1
34,76,z7_GND_22525,189.372818,62.240372,0,0,0.001000,3.000000,2000,TARGET,7289.369476,9812.150805,B,2020A_1
19,43,z6_GND_20879,189.369308,62.244785,0,0,0.001000,3.000000,2000,TARGET,7309.170667,9831.943287,B,2020A_1
7,19,z6_GND_16819,189.328232,62.256317,0,0,0.001000,3.000000,2000,TARGET,7463.273705,9985.977946,B,2020A_1
36,82,z6_GND_11304,189.282639,62.272503,0,0,0.001000,3.000000,2000,TARGET,7640.884449,10163.510074,B,2020A_1
37,84,z6_GND_10245,189.277405,62.276409,0,0,0.001000,3.000000,2000,TARGET,7665.316084,10187.930992,B,2020A_1
26,53,z6_GND_8220,189.284531,62.287498,0,0,0.001000,3.000000,2000,TARGET,7664.627169,10187.243059,B,2020A_1
10,23,z6_GNW_25971,189.334732,62.286125,0,0,0.001000,3.000000,2000,TARGET,7501.663072,10024.351809,B,2020A_1
20,44,z6_GNW_25620,189.321457,62.290100,0,0,0.001000,3.000000,2000,TARGET,7552.062104,10074.728572,B,2020A_1
29,70,z7_GNW_24443,189.356888,62.295319,0,0,0.001000,3.000000,2000,TARGET,7449.739022,9972.451764,B,2020A_1
17,30,z6_GNW_22555,189.301788,62.307808,0,0,0.001000,3.000000,2000,TARGET,7650.926578,10173.550253,B,2020A_1
9,22,z6_GNW_25538,189.481949,62.288136,0,0,0.001000,3.000000,2000,TARGET,7036.062727,9558.960314,B,2020A_1
31,72,z7_GNW_22375,189.342590,62.308517,0,0,0.001000,3.000000,2000,TARGET,7522.546436,10045.227772,B,2020A_1
15,28,z6_GNW_20152,189.307617,62.323444,0,0,0.001000,3.000000,2000,TARGET,7664.948467,10187.567477,B,2020A_1
13,26,z6_GNW_22717,189.416199,62.333141,0,0,0.001000,3.000000,2000,TARGET,7341.013951,9863.779883,B,2020A_1
4,27,z6_GNW_11543,189.157440,62.176498,0,0,0.001000,3.000000,2000,TARGET,7475.501130,9998.200754,A,2020A_2
6,29,z6_GND_36553,189.156387,62.197773,0,0,0.001000,3.000000,2000,TARGET,7626.775636,10149.408097,A,2020A_2
2,15,z5_GNW_12024,189.142960,62.179790,0,0,0.001000,3.000000,2000,TARGET,7494.862339,10017.553777,A,2020A_2
7,30,z6_GND_32408,189.139297,62.211319,0,0,0.001000,3.000000,2000,TARGET,7718.535149,10241.127384,A,2020A_2
3,16,z6_GNW_14511,189.100571,62.195335,0,0,0.001000,3.000000,2000,TARGET,7594.492322,10117.141072,A,2020A_2
1,14,z6_GNW_7317,189.069244,62.150181,0,0,0.001000,3.000000,2000,TARGET,7264.475200,9787.271768,A,2020A_2
13,35,z7_GNW_28182,189.510132,62.274639,0,0,0.001000,3.000000,2000,TARGET,7536.735795,10059.413098,B,2020A_2
7,13,z6_GNW_23350,189.414474,62.333523,0,0,0.001000,3.000000,2000,TARGET,7142.014293,9664.862607,B,2020A_2
5,11,z6_GNW_23437,189.388000,62.301167,0,0,0.001000,3.000000,2000,TARGET,7380.662535,9903.404143,B,2020A_2
14,36,z7_GNW_24671,189.361710,62.294373,0,0,0.001000,3.000000,2000,TARGET,7437.193540,9959.909471,B,2020A_2
15,37,z7_GNW_23360,189.358093,62.302467,0,0,0.001000,3.000000,2000,TARGET,7380.701413,9903.442389,B,2020A_2
22,50,z7_GNW_23360,189.358093,62.302467,0,0,0.001000,3.000000,2000,TARGET,7380.701413,9903.442389,B,2020A_2
6,12,z5_GNW_22336,189.341263,62.309196,0,0,0.001000,3.000000,2000,TARGET,7338.216885,9860.976505,B,2020A_2
8,22,z6_GND_11494,189.288666,62.271809,0,0,0.001000,3.000000,2000,TARGET,7621.959390,10144.592451,B,2020A_2
9,23,z6_GND_8934,189.254196,62.282974,0,0,0.001000,3.000000,2000,TARGET,7554.939857,10077.602874,B,2020A_2
18,45,z7_GND_43678,189.235199,62.295593,0,0,0.001000,3.000000,2000,TARGET,7472.345908,9995.045917,B,2020A_2
16,43,z7_GND_11401,189.186600,62.270905,0,0,0.001000,3.000000,2000,TARGET,7666.501086,10189.115507,B,2020A_2
12,26,z6_GND_43125,189.189148,62.300659,0,0,0.001000,3.000000,2000,TARGET,7454.276441,9976.985410,B,2020A_2
17,44,z6_GND_44831,189.175140,62.282261,0,0,0.001000,3.000000,2000,TARGET,7590.527600,10113.176195,B,2020A_2
11,25,z6_GND_10131,189.169647,62.277069,0,0,0.001000,3.000000,2000,TARGET,7629.604803,10152.236132,B,2020A_2
9,20,z7_GNW_11595,188.965240,62.176491,0,0,0.001000,3.000000,2000,TARGET,7093.469899,9616.344545,A,2020A_3
1,9,z6_GNW_15180,188.962036,62.199577,0,0,0.001000,3.000000,2000,TARGET,7052.265262,9575.155781,A,2020A_3
2,10,z6_GNW_16070,188.954025,62.206898,0,0,0.001000,3.000000,2000,TARGET,7016.455557,9539.361399,A,2020A_3
4,15,z6_GND_36607,189.155594,62.197659,0,0,0.001000,3.000000,2000,TARGET,7690.454190,10213.059627,A,2020A_3
5,16,z6_GND_31259,189.128204,62.214882,0,0,0.001000,3.000000,2000,TARGET,7578.685950,10101.340030,A,2020A_3
7,18,z6_GND_28182,189.114838,62.224430,0,0,0.001000,3.000000,2000,TARGET,7522.982141,10045.660511,A,2020A_3
8,19,z6_GND_20167,189.134628,62.247040,0,0,0.001000,3.000000,2000,TARGET,7560.879747,10083.540290,A,2020A_3
14,28,z7_GND_15642,189.151978,62.259640,0,0,0.001000,3.000000,2000,TARGET,7603.340458,10125.981850,A,2020A_3
10,24,z5_GND_13996,189.162186,62.263817,0,0,0.001000,3.000000,2000,TARGET,7632.146843,10154.775378,A,2020A_3
3,14,z5_GND_10574,189.175613,62.275261,0,0,0.001000,3.000000,2000,TARGET,7663.542464,10186.157054,A,2020A_3
11,25,z7_GND_42808,189.188400,62.303051,0,0,0.001000,3.000000,2000,TARGET,7676.075962,10198.685706,A,2020A_3
12,26,z7_GND_41647,189.178131,62.310635,0,0,0.001000,3.000000,2000,TARGET,7634.598848,10157.227363,A,2020A_3
8,12,z6_GND_31100,189.111649,62.215378,0,0,0.001000,3.000000,2000,TARGET,7672.650548,10195.262507,B,2020A_4
9,13,z6_GND_27273,189.197571,62.226986,0,0,0.001000,3.000000,2000,TARGET,7483.266731,10005.961690,B,2020A_4
5,9,z6_GND_22283,189.211411,62.241070,0,0,0.001000,3.000000,2000,TARGET,7503.119244,10025.805191,B,2020A_4
10,14,z6_GND_22278,189.240829,62.242634,0,0,0.001000,3.000000,2000,TARGET,7429.482876,9952.201617,B,2020A_4
6,10,z6_GND_18287,189.231018,62.252335,0,0,0.001000,3.000000,2000,TARGET,7496.269536,10018.958613,B,2020A_4
7,11,z6_GND_16399,189.234833,62.257507,0,0,0.001000,3.000000,2000,TARGET,7507.372186,10030.056413,B,2020A_4
28,136,z6_GNW_10897,188.976089,62.171894,0,0,0.001000,4.000000,2000,TARGET,7389.488394,9912.229936,A,2020A_1
25,130,z5_GNW_11226,189.048050,62.174236,0,0,0.001000,4.000000,2000,TARGET,7614.977853,10137.617934,A,2020A_1
26,133,z5_GNW_12482,189.079254,62.182869,0,0,0.001000,4.000000,2000,TARGET,7697.299647,10219.902022,A,2020A_1
32,140,z5_GNW_16472,188.951706,62.211136,0,0,0.001000,4.000000,2000,TARGET,7232.075125,9754.883642,A,2020A_1
34,209,z5_GND_29491,189.104431,62.220345,0,0,0.001000,4.000000,2000,TARGET,7704.126363,10226.723402,A,2020A_1
35,217,z5_GND_28693,189.106339,62.222816,0,0,0.001000,4.000000,2000,TARGET,7705.504701,10228.101038,A,2020A_1
36,218,z5_GND_27819,189.110336,62.225437,0,0,0.001000,4.000000,2000,TARGET,7713.316238,10235.909005,A,2020A_1
39,229,z5_GND_21153,189.049622,62.244038,0,0,0.001000,4.000000,2000,TARGET,7483.142383,10005.837338,A,2020A_1
52,279,z8_GND_23069,189.109497,62.238792,0,0,0.001000,4.000000,2000,TARGET,7685.340256,10207.945196,A,2020A_1
38,228,z5_GND_21641,189.117630,62.244312,0,0,0.001000,4.000000,2000,TARGET,7701.141055,10223.738896,A,2020A_1
42,234,z5_GND_16723,189.060165,62.256508,0,0,0.001000,4.000000,2000,TARGET,7493.819543,10016.509627,A,2020A_1
40,232,z5_GND_17105,189.118622,62.255566,0,0,0.001000,4.000000,2000,TARGET,7683.516130,10206.121809,A,2020A_1
44,236,z5_GND_45273,189.077911,62.273827,0,0,0.001000,4.000000,2000,TARGET,7519.330316,10042.009230,A,2020A_1
43,235,z5_GND_10084,189.140717,62.277237,0,0,0.001000,4.000000,2000,TARGET,7715.411056,10238.003003,A,2020A_1
45,237,z5_GND_42576,189.143311,62.304779,0,0,0.001000,4.000000,2000,TARGET,7675.655056,10198.266013,A,2020A_1
51,278,z7_GND_41546,189.159698,62.310566,0,0,0.001000,4.000000,2000,TARGET,7718.660709,10241.253050,A,2020A_1
59,115,z5_GNW_2919,189.203491,62.122383,0,0,0.001000,4.000000,2000,TARGET,7630.408388,10153.045168,B,2020A_1
60,116,z5_GNW_3424,189.208527,62.126209,0,0,0.001000,4.000000,2000,TARGET,7620.024028,10142.664871,B,2020A_1
113,248,z5_GND_464,189.270706,62.148418,0,0,0.001000,4.000000,2000,TARGET,7453.669566,9976.381243,B,2020A_1
81,158,z5_GND_1415,189.234848,62.160557,0,0,0.001000,4.000000,2000,TARGET,7590.521906,10113.172026,B,2020A_1
79,156,z5_GND_2126,189.247681,62.167103,0,0,0.001000,4.000000,2000,TARGET,7559.960842,10082.623932,B,2020A_1
82,160,z5_GND_3052,189.288742,62.173836,0,0,0.001000,4.000000,2000,TARGET,7438.449272,9961.165647,B,2020A_1
90,168,z5_GND_39635,189.215805,62.186470,0,0,0.001000,4.000000,2000,TARGET,7696.520609,10219.121937,B,2020A_1
86,164,z5_GND_39516,189.250916,62.187057,0,0,0.001000,4.000000,2000,TARGET,7583.965712,10106.616862,B,2020A_1
110,245,z6_GND_40374,189.317230,62.183056,0,0,0.001000,4.000000,2000,TARGET,7362.404276,9885.153814,B,2020A_1
88,166,z5_GND_38076,189.259857,62.192493,0,0,0.001000,4.000000,2000,TARGET,7564.631386,10087.290831,B,2020A_1
89,167,z5_GND_37378,189.261703,62.194908,0,0,0.001000,4.000000,2000,TARGET,7562.947345,10085.607427,B,2020A_1
92,173,z5_GND_35096,189.283508,62.203049,0,0,0.001000,4.000000,2000,TARGET,7507.118861,10029.803410,B,2020A_1
95,176,z5_GND_33500,189.261383,62.208023,0,0,0.001000,4.000000,2000,TARGET,7587.472364,10110.121093,B,2020A_1
98,182,z5_GND_27870,189.263809,62.225407,0,0,0.001000,4.000000,2000,TARGET,7611.428299,10134.066069,B,2020A_1
97,181,z5_GND_26806,189.273712,62.228466,0,0,0.001000,4.000000,2000,TARGET,7585.244817,10107.894217,B,2020A_1
68,145,z5_GND_24948,189.320312,62.233444,0,0,0.001000,4.000000,2000,TARGET,7444.774877,9967.486824,B,2020A_1
123,270,z7_GND_15396,189.275909,62.260303,0,0,0.001000,4.000000,2000,TARGET,7638.608646,10161.234771,B,2020A_1
105,191,z5_GND_12659,189.260620,62.268284,0,0,0.001000,4.000000,2000,TARGET,7703.048169,10225.645832,B,2020A_1
76,153,z5_GND_14131,189.315414,62.263824,0,0,0.001000,4.000000,2000,TARGET,7518.990999,10041.670669,B,2020A_1
106,196,z5_GND_10047,189.296280,62.277386,0,0,0.001000,4.000000,2000,TARGET,7606.935668,10129.576729,B,2020A_1
44,100,z5_GNW_26081,189.381042,62.285637,0,0,0.001000,4.000000,2000,TARGET,7352.890930,9875.646256,B,2020A_1
40,96,z5_GNW_28218,189.503250,62.273884,0,0,0.001000,4.000000,2000,TARGET,6938.431475,9461.371535,B,2020A_1
127,285,z8_GNW_21001,189.286987,62.318020,0,0,0.001000,4.000000,2000,TARGET,7719.162341,10241.756416,B,2020A_1
50,106,z5_GNW_22097,189.364624,62.310837,0,0,0.001000,4.000000,2000,TARGET,7457.288419,9979.999290,B,2020A_1
49,105,z5_GNW_21283,189.403549,62.315697,0,0,0.001000,4.000000,2000,TARGET,7343.758055,9866.520474,B,2020A_1
56,112,z5_GNW_21219,189.310135,62.330257,0,0,0.001000,4.000000,2000,TARGET,7671.338865,10193.955809,B,2020A_1
47,103,z5_GNW_20906,189.437683,62.318161,0,0,0.001000,4.000000,2000,TARGET,7240.519224,9763.328360,B,2020A_1
117,260,z7_GNW_19517,189.325821,62.334698,0,0,0.001000,4.000000,2000,TARGET,7631.022662,10153.658295,B,2020A_1
116,259,z8_GNW_27475,189.373810,62.336391,0,0,0.001000,4.000000,2000,TARGET,7482.474395,10005.177099,B,2020A_1
125,283,z8_GNW_27475,189.373810,62.336391,0,0,0.001000,4.000000,2000,TARGET,7482.474395,10005.177099,B,2020A_1
126,284,z8_GNW_30497,189.353027,62.347015,0,0,0.001000,4.000000,2000,TARGET,7571.377063,10094.041264,B,2020A_1
8,53,z5_GND_36668,189.376678,62.197426,0,0,0.001000,4.000000,2000,TARGET,7701.402253,10224.001451,A,2020A_2
41,180,z7_GND_38200,189.359146,62.192123,0,0,0.001000,4.000000,2000,TARGET,7656.576484,10179.195217,A,2020A_2
40,179,z7_GND_40057,189.339462,62.184780,0,0,0.001000,4.000000,2000,TARGET,7596.579100,10119.224155,A,2020A_2
25,100,z5_GND_3651,189.303589,62.177364,0,0,0.001000,4.000000,2000,TARGET,7530.102556,10052.776700,A,2020A_2
26,101,z5_GND_39799,189.299850,62.185833,0,0,0.001000,4.000000,2000,TARGET,7588.870226,10111.518164,A,2020A_2
32,107,z5_GND_35187,189.292587,62.202457,0,0,0.001000,4.000000,2000,TARGET,7704.271347,10226.867847,A,2020A_2
12,68,z5_GND_35084,189.278580,62.203220,0,0,0.001000,4.000000,2000,TARGET,7704.641606,10227.237881,A,2020A_2
33,108,z5_GND_35084,189.278580,62.203220,0,0,0.001000,4.000000,2000,TARGET,7704.641606,10227.237881,A,2020A_2
34,109,z5_GND_34379,189.249405,62.205284,0,0,0.001000,4.000000,2000,TARGET,7709.171028,10231.765324,A,2020A_2
28,103,z5_GND_39309,189.238617,62.187653,0,0,0.001000,4.000000,2000,TARGET,7580.185958,10102.837695,A,2020A_2
44,197,z8_GND_35384,189.231995,62.202343,0,0,0.001000,4.000000,2000,TARGET,7682.454230,10205.060533,A,2020A_2
9,65,z5_GNW_3433,189.205490,62.126289,0,0,0.001000,4.000000,2000,TARGET,7132.344885,9655.196096,A,2020A_2
35,113,z5_GND_34594,189.202988,62.204651,0,0,0.001000,4.000000,2000,TARGET,7689.594751,10212.198256,A,2020A_2
31,106,z5_GND_39523,189.186615,62.187000,0,0,0.001000,4.000000,2000,TARGET,7558.936201,10081.598077,A,2020A_2
29,104,z5_GND_40117,189.177521,62.184551,0,0,0.001000,4.000000,2000,TARGET,7538.758385,10061.429417,A,2020A_2
10,66,z6_GNW_8973,189.167801,62.160194,0,0,0.001000,4.000000,2000,TARGET,7362.333742,9885.083382,A,2020A_2
39,160,z6_GNW_9770,189.117615,62.164848,0,0,0.001000,4.000000,2000,TARGET,7381.409489,9904.152144,A,2020A_2
17,75,z5_GNW_10304,189.112167,62.168396,0,0,0.001000,4.000000,2000,TARGET,7405.286217,9928.018474,A,2020A_2
21,79,z5_GNW_13431,189.105881,62.188835,0,0,0.001000,4.000000,2000,TARGET,7549.469336,10072.137846,A,2020A_2
38,159,z5_GNW_5622,189.080841,62.141083,0,0,0.001000,4.000000,2000,TARGET,7202.286612,9725.110237,A,2020A_2
15,73,z5_GNW_9175,189.054169,62.161289,0,0,0.001000,4.000000,2000,TARGET,7340.328507,9863.092183,A,2020A_2
19,77,z5_GNW_11120,189.050674,62.173576,0,0,0.001000,4.000000,2000,TARGET,7427.332475,9950.057757,A,2020A_2
22,80,z5_GNW_13254,189.039703,62.187725,0,0,0.001000,4.000000,2000,TARGET,7526.014516,10048.696654,A,2020A_2
14,72,z5_GNW_6540,189.023026,62.146069,0,0,0.001000,4.000000,2000,TARGET,7224.645145,9747.461840,A,2020A_2
23,51,z5_GNW_27194,189.523804,62.278839,0,0,0.001000,4.000000,2000,TARGET,7503.516315,10026.209134,B,2020A_2
24,52,z5_GNW_25408,189.457428,62.289562,0,0,0.001000,4.000000,2000,TARGET,7443.572802,9966.288802,B,2020A_2
25,54,z5_GNW_30244,189.418915,62.259678,0,0,0.001000,4.000000,2000,TARGET,7667.189639,10189.804919,B,2020A_2
28,57,z5_GNW_22490,189.394882,62.308056,0,0,0.001000,4.000000,2000,TARGET,7329.486549,9852.251063,B,2020A_2
34,63,z5_GNW_28199,189.382797,62.337444,0,0,0.001000,4.000000,2000,TARGET,7123.642349,9646.498032,B,2020A_2
38,92,z5_GND_16389,189.360291,62.257557,0,0,0.001000,4.000000,2000,TARGET,7699.676580,10222.275834,B,2020A_2
62,158,z6_GNW_21823,189.355591,62.312592,0,0,0.001000,4.000000,2000,TARGET,7309.385549,9832.158185,B,2020A_2
40,94,z6_GND_13524,189.337402,62.266106,0,0,0.001000,4.000000,2000,TARGET,7646.127461,10168.750132,B,2020A_2
39,93,z5_GND_15025,189.324448,62.261330,0,0,0.001000,4.000000,2000,TARGET,7684.323476,10206.929005,B,2020A_2
26,55,z5_GNW_23799,189.324554,62.299732,0,0,0.001000,4.000000,2000,TARGET,7411.118002,9933.845031,B,2020A_2
41,95,z5_GND_15899,189.309113,62.258888,0,0,0.001000,4.000000,2000,TARGET,7706.793276,10229.388677,B,2020A_2
30,59,z5_GNW_21750,189.317093,62.313053,0,0,0.001000,4.000000,2000,TARGET,7318.817942,9841.585971,B,2020A_2
45,119,z5_GND_15601,189.296097,62.259697,0,0,0.001000,4.000000,2000,TARGET,7705.469653,10228.065574,B,2020A_2
44,118,z5_GND_16018,189.291290,62.258629,0,0,0.001000,4.000000,2000,TARGET,7714.714663,10237.306456,B,2020A_2
70,177,z7_GNW_21903,189.290756,62.311100,0,0,0.001000,4.000000,2000,TARGET,7341.827048,9864.584772,B,2020A_2
51,126,z5_GND_9333,189.277710,62.280643,0,0,0.001000,4.000000,2000,TARGET,7563.023340,10085.682636,B,2020A_2
71,178,z7_GNW_32502,189.285812,62.354965,0,0,0.001000,4.000000,2000,TARGET,7031.280417,9554.176377,B,2020A_2
52,127,z5_GND_44604,189.263397,62.285717,0,0,0.001000,4.000000,2000,TARGET,7532.094253,10054.767376,B,2020A_2
47,122,z5_GND_11789,189.243515,62.270794,0,0,0.001000,4.000000,2000,TARGET,7645.397680,10168.020513,B,2020A_2
37,70,z5_GNW_32117,189.257217,62.353569,0,0,0.001000,4.000000,2000,TARGET,7051.710690,9574.597781,B,2020A_2
48,123,z5_GND_12705,189.218094,62.268093,0,0,0.001000,4.000000,2000,TARGET,7674.149077,10196.759443,B,2020A_2
78,191,z7_GND_6161,189.215073,62.317932,0,0,0.001000,4.000000,2000,TARGET,7321.319442,9844.087082,B,2020A_2
58,133,z5_GND_7157,189.204910,62.298958,0,0,0.001000,4.000000,2000,TARGET,7460.103870,9982.809869,B,2020A_2
54,129,z5_GND_8641,189.196930,62.284508,0,0,0.001000,4.000000,2000,TARGET,7565.852788,10088.511829,B,2020A_2
74,187,z7_GND_10402,189.179276,62.275894,0,0,0.001000,4.000000,2000,TARGET,7634.036451,10156.665533,B,2020A_2
59,134,z5_GND_42189,189.165497,62.306877,0,0,0.001000,4.000000,2000,TARGET,7419.749240,9942.474287,B,2020A_2
60,155,z5_GND_13494,189.147812,62.265678,0,0,0.001000,4.000000,2000,TARGET,7719.428413,10242.020371,B,2020A_2
80,194,z7_GND_45190,189.138504,62.275600,0,0,0.001000,4.000000,2000,TARGET,7652.979155,10175.601090,B,2020A_2
15,37,z5_GNW_7248,189.089371,62.149796,0,0,0.001000,4.000000,2000,TARGET,7538.122875,10060.801946,A,2020A_3
20,42,z5_GNW_11071,188.972427,62.173115,0,0,0.001000,4.000000,2000,TARGET,7121.693773,9644.556209,A,2020A_3
17,39,z5_GNW_11014,189.073074,62.172878,0,0,0.001000,4.000000,2000,TARGET,7452.582282,9975.296609,A,2020A_3
16,38,z5_GNW_10657,189.130219,62.170780,0,0,0.001000,4.000000,2000,TARGET,7642.914234,10165.543618,A,2020A_3
21,43,z5_GNW_13514,188.967331,62.189121,0,0,0.001000,4.000000,2000,TARGET,7083.406170,9606.283843,A,2020A_3
62,122,z8_GNW_13554,189.039001,62.189419,0,0,0.001000,4.000000,2000,TARGET,7318.549711,9841.322169,A,2020A_3
22,44,z6_GNW_14534,188.985962,62.195339,0,0,0.001000,4.000000,2000,TARGET,7136.479523,9659.332804,A,2020A_3
51,97,z5_GNW_17295,188.985779,62.220367,0,0,0.001000,4.000000,2000,TARGET,7103.898632,9626.764329,A,2020A_3
28,73,z5_GND_32925,189.156342,62.210011,0,0,0.001000,4.000000,2000,TARGET,7677.137485,10199.747935,A,2020A_3
30,75,z5_GND_29527,189.100662,62.220226,0,0,0.001000,4.000000,2000,TARGET,7481.619216,10004.316289,A,2020A_3
53,104,z5_GND_28891,189.116974,62.222080,0,0,0.001000,4.000000,2000,TARGET,7532.885537,10055.559619,A,2020A_3
33,78,z5_GND_27366,189.132629,62.226734,0,0,0.001000,4.000000,2000,TARGET,7578.571932,10101.225377,A,2020A_3
35,80,z5_GND_26558,189.125916,62.229160,0,0,0.001000,4.000000,2000,TARGET,7553.579981,10076.244454,A,2020A_3
36,81,z5_GND_25578,189.149429,62.231865,0,0,0.001000,4.000000,2000,TARGET,7627.497523,10150.128903,A,2020A_3
54,105,z5_GND_22796,189.088608,62.239491,0,0,0.001000,4.000000,2000,TARGET,7418.618659,9941.342866,A,2020A_3
40,85,z5_GND_23450,189.139206,62.237736,0,0,0.001000,4.000000,2000,TARGET,7586.896760,10109.546006,A,2020A_3
46,91,z5_GND_21873,189.124161,62.242218,0,0,0.001000,4.000000,2000,TARGET,7532.171293,10054.844776,A,2020A_3
64,128,z7_GND_20984,189.133713,62.244598,0,0,0.001000,4.000000,2000,TARGET,7560.737194,10083.397870,A,2020A_3
49,95,z5_GND_17752,189.091812,62.253738,0,0,0.001000,4.000000,2000,TARGET,7412.423490,9935.150013,A,2020A_3
55,106,z5_GND_17752,189.091812,62.253738,0,0,0.001000,4.000000,2000,TARGET,7412.423490,9935.150013,A,2020A_3
23,68,z5_GND_12062,189.188843,62.269917,0,0,0.001000,4.000000,2000,TARGET,7712.890261,10235.482861,A,2020A_3
24,69,z5_GND_44836,189.180756,62.282238,0,0,0.001000,4.000000,2000,TARGET,7672.853387,10195.463932,A,2020A_3
27,72,z5_GND_44411,189.159821,62.287952,0,0,0.001000,4.000000,2000,TARGET,7597.927388,10120.571360,A,2020A_3
58,118,z7_GND_7831,189.177307,62.291050,0,0,0.001000,4.000000,2000,TARGET,7652.110805,10174.730772,A,2020A_3
52,103,z5_GND_7334,189.173019,62.296448,0,0,0.001000,4.000000,2000,TARGET,7632.346223,10154.975139,A,2020A_3
17,56,z5_GND_38172,189.303299,62.192223,0,0,0.001000,4.000000,2000,TARGET,7646.317559,10168.942210,B,2020A_3
8,45,z5_GND_32576,189.305771,62.210899,0,0,0.001000,4.000000,2000,TARGET,7656.651440,10179.270292,B,2020A_3
10,47,z5_GND_28421,189.321533,62.223774,0,0,0.001000,4.000000,2000,TARGET,7617.984071,10140.619500,B,2020A_3
11,48,z5_GND_25573,189.328232,62.231686,0,0,0.001000,4.000000,2000,TARGET,7604.325411,10126.966647,B,2020A_3
14,51,z5_GND_23860,189.314392,62.236462,0,0,0.001000,4.000000,2000,TARGET,7655.026106,10177.644685,B,2020A_3
13,50,z5_GND_20890,189.340775,62.244846,0,0,0.001000,4.000000,2000,TARGET,7577.416075,10100.069013,B,2020A_3
18,64,z5_GND_18697,189.302582,62.251148,0,0,0.001000,4.000000,2000,TARGET,7709.974853,10232.568768,B,2020A_3
12,49,z5_GND_18617,189.353439,62.250774,0,0,0.001000,4.000000,2000,TARGET,7542.411270,10065.079734,B,2020A_3
24,111,z7_GND_18323,189.371399,62.252140,0,0,0.001000,4.000000,2000,TARGET,7484.922536,10007.616578,B,2020A_3
21,99,z5_GND_15486,189.313858,62.259865,0,0,0.001000,4.000000,2000,TARGET,7682.749534,10205.355544,B,2020A_3
15,52,z5_GND_14554,189.332275,62.267471,0,0,0.001000,4.000000,2000,TARGET,7631.044865,10153.673960,B,2020A_3
16,53,z5_GND_11088,189.315125,62.273216,0,0,0.001000,4.000000,2000,TARGET,7694.011339,10216.612485,B,2020A_3
19,94,z5_GNW_25352,189.407257,62.290123,0,0,0.001000,4.000000,2000,TARGET,7412.417300,9935.144524,B,2020A_3
22,108,z8_GNW_25541,189.513046,62.288696,0,0,0.001000,4.000000,2000,TARGET,7063.829782,9586.712461,B,2020A_3
4,30,z5_GNW_22312,189.339706,62.309032,0,0,0.001000,4.000000,2000,TARGET,7657.227507,10179.846525,B,2020A_3
3,29,z5_GNW_23086,189.451691,62.304169,0,0,0.001000,4.000000,2000,TARGET,7284.681510,9807.466545,B,2020A_3
7,33,z6_GNW_20715,189.339859,62.319981,0,0,0.001000,4.000000,2000,TARGET,7670.776458,10193.390187,B,2020A_3
23,109,z8_GNW_20826,189.401169,62.319225,0,0,0.001000,4.000000,2000,TARGET,7469.496335,9992.199931,B,2020A_3
5,31,z5_GNW_23042,189.415009,62.333538,0,0,0.001000,4.000000,2000,TARGET,7443.372343,9966.088899,B,2020A_3
18,25,z5_GNW_9541,189.165833,62.163639,0,0,0.001000,4.000000,2000,TARGET,7316.577061,9839.349557,B,2020A_4
15,21,z5_GNW_13381,189.104095,62.188435,0,0,0.001000,4.000000,2000,TARGET,7586.518878,10109.170910,B,2020A_4
45,68,z7_GNW_15559,189.083511,62.202583,0,0,0.001000,4.000000,2000,TARGET,7699.677514,10222.278684,B,2020A_4
17,24,z5_GND_1303,189.238403,62.159389,0,0,0.001000,4.000000,2000,TARGET,7097.714800,9620.583390,B,2020A_4
19,26,z5_GND_39570,189.175720,62.186714,0,0,0.001000,4.000000,2000,TARGET,7380.838172,9903.580385,B,2020A_4
34,43,z5_GND_27023,189.113434,62.227650,0,0,0.001000,4.000000,2000,TARGET,7716.932016,10239.523719,B,2020A_4
30,39,z5_GND_28795,189.149551,62.221996,0,0,0.001000,4.000000,2000,TARGET,7594.778664,10117.424512,B,2020A_4
33,42,z5_GND_25053,189.151260,62.233215,0,0,0.001000,4.000000,2000,TARGET,7635.476735,10158.104138,B,2020A_4
36,54,z5_GND_28158,189.189255,62.224251,0,0,0.001000,4.000000,2000,TARGET,7494.908588,10017.598469,B,2020A_4
22,29,z5_GND_30740,189.221237,62.216541,0,0,0.001000,4.000000,2000,TARGET,7375.854907,9898.597714,B,2020A_4
40,60,z5_GND_20169,189.204132,62.247089,0,0,0.001000,4.000000,2000,TARGET,7547.698877,10070.364983,B,2020A_4
41,61,z7_GND_18869,189.205292,62.250767,0,0,0.001000,4.000000,2000,TARGET,7559.688326,10082.349105,B,2020A_4
27,34,z5_GND_15712,189.200607,62.259445,0,0,0.001000,4.000000,2000,TARGET,7608.231534,10130.870756,B,2020A_4
43,63,z7_GND_11402,189.186172,62.270863,0,0,0.001000,4.000000,2000,TARGET,7694.614259,10217.215120,B,2020A_4
28,35,z5_GND_11521,189.217407,62.271622,0,0,0.001000,4.000000,2000,TARGET,7613.230161,10135.867445,B,2020A_4
42,62,z7_GND_13456,189.264938,62.265789,0,0,0.001000,4.000000,2000,TARGET,7460.493132,9983.198649,B,2020A_4
47,70,z7_GND_13456,189.264938,62.265789,0,0,0.001000,4.000000,2000,TARGET,7460.493132,9983.198649,B,2020A_4
35,53,z6_GND_19744,189.333466,62.248184,0,0,0.001000,4.000000,2000,TARGET,7201.669836,9724.490695,B,2020A_4
44,64,z7_GND_8012,189.260422,62.289406,0,0,0.001000,4.000000,2000,TARGET,7571.955596,10094.612378,B,2020A_4
49,72,z7_GND_8012,189.260422,62.289406,0,0,0.001000,4.000000,2000,TARGET,7571.955596,10094.612378,B,2020A_4
48,71,z8_GND_8052,189.270020,62.288559,0,0,0.001000,4.000000,2000,TARGET,7542.627560,10065.297506,B,2020A_4
14,20,z5_GNW_22583,189.298859,62.307564,0,0,0.001000,4.000000,2000,TARGET,7546.399417,10069.069413,B,2020A_4
12,18,z5_GNW_28803,189.311783,62.337528,0,0,0.001000,4.000000,2000,TARGET,7641.311996,10163.942666,B,2020A_4
136,302,3DHST_Q_34419,189.311828,62.320264,0,0,0.001000,5.000000,2000,TARGET,7644.892831,10167.520492,B,2020A_1
48,206,3DHST_Q_12173,189.022674,62.201896,0,0,0.001000,5.000000,2000,TARGET,7623.726472,10146.366317,A,2020A_2
84,208,3DHST_Q_24238,189.526264,62.260638,0,0,0.001000,5.000000,2000,TARGET,7632.956087,10155.591709,B,2020A_2
86,210,3DHST_Q_32507,189.418069,62.305949,0,0,0.001000,5.000000,2000,TARGET,7337.660823,9860.422371,B,2020A_2
25,131,3DHST_Q_11004,189.359313,62.196221,0,0,0.001000,5.000000,2000,TARGET,7465.123561,9987.828277,B,2020A_3
50,73,3DHST_Q_1301,189.208342,62.130576,0,0,0.001000,5.000000,2000,TARGET,7067.338754,9590.223733,B,2020A_4
51,74,3DHST_Q_9056,189.056217,62.188475,0,0,0.001000,5.000000,2000,TARGET,7720.148125,10242.741889,B,2020A_4
53,76,3DHST_Q_28451,189.247715,62.282931,0,0,0.001000,5.000000,2000,TARGET,7578.812760,10101.466025,B,2020A_4
105,158,3DHST_24964,189.450912,62.264668,0,0,0.001000,7.000000,2000,TARGET,6956.701902,9479.634864,B,2020A_4
91,217,3DHST_36690,189.209793,62.342331,0,0,0.001000,8.000000,2000,TARGET,7708.138867,10230.736999,A,2020A_3
77,298,3DHST_5447,189.251968,62.167175,0,0,0.001000,9.000000,2000,TARGET,7439.072836,9961.787291,A,2020A_2
78,299,3DHST_9557,189.265121,62.189430,0,0,0.001000,10.000000,2000,TARGET,7601.898156,10124.540142,A,2020A_2
79,300,3DHST_10413,189.111145,62.193996,0,0,0.001000,11.000000,2000,TARGET,7587.624373,10110.275741,A,2020A_2
80,301,3DHST_7009,189.307587,62.177124,0,0,0.001000,12.000000,2000,TARGET,7529.901134,10052.575411,A,2020A_2
55,218,3DHST_35973,189.341034,62.333809,0,0,0.001000,13.000000,2000,TARGET,7685.124501,10207.732982,B,2020A_3
123,303,3DHST_31301,189.261826,62.298607,0,0,0.001000,14.000000,2000,TARGET,7441.045316,9963.758986,B,2020A_2
56,219,3DHST_38053,189.360138,62.373989,0,0,0.001000,15.000000,2000,TARGET,7678.631920,10201.248008,B,2020A_3
81,305,3DHST_8703,189.138687,62.185291,0,0,0.001000,16.000000,2000,TARGET,7532.889610,10055.564295,A,2020A_2
181,400,3DHST_12523,189.346252,62.203732,0,0,0.001000,18.000000,2000,TARGET,7305.920747,9828.694625,B,2020A_1
57,220,3DHST_28548,189.323822,62.282497,0,0,0.001000,19.000000,2000,TARGET,7676.494320,10199.103502,B,2020A_3
106,159,3DHST_23872,189.332184,62.258720,0,0,0.001000,20.000000,2000,TARGET,7249.524262,9772.324212,B,2020A_4
107,160,3DHST_14582,189.132065,62.213680,0,0,0.001000,22.000000,2000,TARGET,7609.488629,10132.128468,B,2020A_4
127,309,3DHST_25522,189.130188,62.267406,0,0,0.001000,24.000000,2000,TARGET,7714.626095,10237.220838,B,2020A_2
82,311,3DHST_12504,189.286957,62.204021,0,0,0.001000,26.000000,2000,TARGET,7713.335921,10235.928355,A,2020A_2
130,314,3DHST_27575,189.449219,62.277607,0,0,0.001000,29.000000,2000,TARGET,7531.044120,10053.720968,B,2020A_2
187,411,3DHST_724,189.172592,62.119579,0,0,0.001000,31.000000,2000,TARGET,7726.956685,10249.551378,B,2020A_1
84,318,3DHST_10525,189.045929,62.194248,0,0,0.001000,35.000000,2000,TARGET,7573.957604,10096.618137,A,2020A_2
112,167,3DHST_35959,189.307617,62.333752,0,0,0.001000,36.000000,2000,TARGET,7635.942856,10158.575419,B,2020A_4
59,230,3DHST_8398,189.298401,62.183910,0,0,0.001000,37.000000,2000,TARGET,7654.572237,10177.193903,B,2020A_3
190,417,3DHST_27358,189.340973,62.276245,0,0,0.001000,38.000000,2000,TARGET,7461.860076,9984.565951,B,2020A_1
192,419,3DHST_25202,189.323425,62.265228,0,0,0.001000,40.000000,2000,TARGET,7496.111098,10018.801053,B,2020A_1
114,169,3DHST_13907,189.271637,62.210407,0,0,0.001000,41.000000,2000,TARGET,7212.757818,9735.573053,B,2020A_4
194,421,3DHST_396,189.212997,62.112446,0,0,0.001000,42.000000,2000,TARGET,7583.769530,10106.428225,B,2020A_1
195,422,3DHST_36557,189.427643,62.339771,0,0,0.001000,43.000000,2000,TARGET,7319.179754,9841.956496,B,2020A_1
115,170,3DHST_13589,189.160873,62.209404,0,0,0.001000,44.000000,2000,TARGET,7512.861719,10035.544344,B,2020A_4
85,424,3DHST_8391,189.024551,62.183632,0,0,0.001000,45.000000,2000,TARGET,7520.624889,10043.306384,A,2020A_1
87,325,3DHST_11883,189.152023,62.200817,0,0,0.001000,47.000000,2000,TARGET,7647.227758,10169.851260,A,2020A_2
117,173,3DHST_4492,189.137253,62.159710,0,0,0.001000,49.000000,2000,TARGET,7380.899118,9903.644047,B,2020A_4
119,176,3DHST_29862,189.509766,62.289780,0,0,0.001000,53.000000,2000,TARGET,6909.809066,9432.767120,B,2020A_4
98,241,3DHST_11593,189.102158,62.199467,0,0,0.001000,55.000000,2000,TARGET,7512.786750,10035.471426,A,2020A_3
99,243,3DHST_5474,189.027252,62.166420,0,0,0.001000,57.000000,2000,TARGET,7311.006239,9833.784764,A,2020A_3
123,182,3DHST_9216,189.187317,62.187660,0,0,0.001000,61.000000,2000,TARGET,7352.518879,9875.273447,B,2020A_4
200,441,3DHST_9948,189.229034,62.191795,0,0,0.001000,63.000000,2000,TARGET,7663.027598,10185.643465,B,2020A_1
102,249,3DHST_34171,189.201141,62.318161,0,0,0.001000,64.000000,2000,TARGET,7702.767227,10225.365910,A,2020A_3
103,250,3DHST_31137,189.198669,62.297520,0,0,0.001000,65.000000,2000,TARGET,7715.540424,10238.132419,A,2020A_3
201,444,3DHST_32163,189.485001,62.303349,0,0,0.001000,66.000000,2000,TARGET,7058.385663,9581.274865,B,2020A_1
64,252,3DHST_5127,189.274689,62.164230,0,0,0.001000,68.000000,2000,TARGET,7715.083854,10237.680660,B,2020A_3
127,187,3DHST_26873,189.262985,62.274090,0,0,0.001000,71.000000,2000,TARGET,7500.565606,10023.253547,B,2020A_4
96,350,3DHST_6237,189.003342,62.172073,0,0,0.001000,75.000000,2000,TARGET,7406.661814,9929.399074,A,2020A_2
98,354,3DHST_646,189.194733,62.117050,0,0,0.001000,79.000000,2000,TARGET,7062.995030,9585.877213,A,2020A_2
208,458,3DHST_2242,189.186905,62.141502,0,0,0.001000,80.000000,2000,TARGET,7715.012475,10237.609587,B,2020A_1
67,262,3DHST_25261,189.523560,62.265266,0,0,0.001000,81.000000,2000,TARGET,7000.170716,9523.080813,B,2020A_3
68,263,3DHST_25333,189.377289,62.266144,0,0,0.001000,82.000000,2000,TARGET,7481.749833,10004.445398,B,2020A_3
69,264,3DHST_37927,189.352371,62.368176,0,0,0.001000,83.000000,2000,TARGET,7695.567257,10218.174955,B,2020A_3
131,194,3DHST_2219,189.135864,62.141685,0,0,0.001000,84.000000,2000,TARGET,7314.272696,9837.048977,B,2020A_4
97,467,3DHST_17741,188.985199,62.229530,0,0,0.001000,89.000000,2000,TARGET,7303.745037,9826.520466,A,2020A_1
211,468,3DHST_5054,189.291077,62.163921,0,0,0.001000,90.000000,2000,TARGET,7413.755822,9936.483813,B,2020A_1
111,272,3DHST_8302,188.996140,62.183334,0,0,0.001000,93.000000,2000,TARGET,7185.823786,9708.656280,A,2020A_3
112,273,3DHST_23438,189.151901,62.256741,0,0,0.001000,94.000000,2000,TARGET,7606.392787,10129.032857,A,2020A_3
134,201,3DHST_32649,189.249969,62.306778,0,0,0.001000,95.000000,2000,TARGET,7673.517869,10196.130197,B,2020A_4
136,205,3DHST_33640,189.341782,62.313934,0,0,0.001000,100.000000,2000,TARGET,7459.708035,9982.418243,B,2020A_4
150,374,3DHST_27097,189.472748,62.274567,0,0,0.001000,103.000000,2000,TARGET,7546.525134,10069.196154,B,2020A_2
103,375,3DHST_10886,189.271698,62.196339,0,0,0.001000,104.000000,2000,TARGET,7653.312453,10175.931561,A,2020A_2
116,281,3DHST_10617,188.926453,62.194798,0,0,0.001000,106.000000,2000,TARGET,6941.411929,9464.352508,A,2020A_3
151,377,3DHST_29369,189.491379,62.286922,0,0,0.001000,107.000000,2000,TARGET,7453.623464,9976.336596,B,2020A_2
71,282,3DHST_31388,189.323608,62.298660,0,0,0.001000,108.000000,2000,TARGET,7696.877727,10219.478467,B,2020A_3
117,283,3DHST_14454,189.058762,62.213013,0,0,0.001000,109.000000,2000,TARGET,7353.020774,9875.775749,A,2020A_3
139,209,3DHST_32183,189.284302,62.303841,0,0,0.001000,111.000000,2000,TARGET,7569.308863,10091.968082,B,2020A_4
220,489,3DHST_5922,189.297256,62.169655,0,0,0.001000,113.000000,2000,TARGET,7403.604324,9926.336397,B,2020A_1
73,287,3DHST_32810,189.325745,62.307728,0,0,0.001000,114.000000,2000,TARGET,7701.223174,10223.822473,B,2020A_3
74,289,3DHST_36572,189.361908,62.339859,0,0,0.001000,116.000000,2000,TARGET,7625.163924,10147.799804,B,2020A_3
119,290,3DHST_4650,189.070755,62.160389,0,0,0.001000,117.000000,2000,TARGET,7462.160755,9984.872379,A,2020A_3
224,494,3DHST_993,189.208237,62.124138,0,0,0.001000,118.000000,2000,TARGET,7617.686027,10140.328172,B,2020A_1
142,212,3DHST_5103,189.148071,62.163979,0,0,0.001000,119.000000,2000,TARGET,7367.470397,9890.220663,B,2020A_4
225,496,3DHST_37167,189.323563,62.347630,0,0,0.001000,120.000000,2000,TARGET,7666.023402,10188.645063,B,2020A_1
105,499,3DHST_26919,189.111633,62.274288,0,0,0.001000,123.000000,2000,TARGET,7627.056162,10149.687241,A,2020A_1
75,294,3DHST_33106,189.418686,62.309624,0,0,0.001000,124.000000,2000,TARGET,7399.720784,9922.454823,B,2020A_3
106,501,3DHST_30598,189.086502,62.293606,0,0,0.001000,125.000000,2000,TARGET,7511.844867,10034.527765,A,2020A_1
108,393,3DHST_11837,189.197983,62.200714,0,0,0.001000,128.000000,2000,TARGET,7660.031500,10182.648232,A,2020A_2
160,394,3DHST_26163,189.482742,62.270096,0,0,0.001000,129.000000,2000,TARGET,7575.880822,10098.539312,B,2020A_2
110,397,3DHST_10035,189.068634,62.192200,0,0,0.001000,132.000000,2000,TARGET,7564.427902,10087.091458,A,2020A_2
146,220,3DHST_655,189.197601,62.117496,0,0,0.001000,135.000000,2000,TARGET,7046.255001,9569.150956,B,2020A_4
76,301,3DHST_7243,189.285568,62.177608,0,0,0.001000,136.000000,2000,TARGET,7691.153132,10213.759160,B,2020A_3
113,403,3DHST_8572,189.387115,62.185081,0,0,0.001000,140.000000,2000,TARGET,7618.243199,10140.879790,A,2020A_2
232,515,3DHST_2136,189.307358,62.140469,0,0,0.001000,141.000000,2000,TARGET,7321.169396,9843.940344,B,2020A_1
151,226,3DHST_31786,189.239731,62.301041,0,0,0.001000,146.000000,2000,TARGET,7676.604668,10199.215120,B,2020A_4
77,308,3DHST_10987,189.390244,62.196533,0,0,0.001000,147.000000,2000,TARGET,7363.213736,9885.963637,B,2020A_3
234,522,3DHST_20602,189.310425,62.243381,0,0,0.001000,149.000000,2000,TARGET,7495.414183,10018.103714,B,2020A_1
110,524,3DHST_2573,189.063202,62.145027,0,0,0.001000,152.000000,2000,TARGET,7724.195300,10246.789708,A,2020A_1
164,411,3DHST_24886,189.208313,62.263790,0,0,0.001000,153.000000,2000,TARGET,7708.457478,10231.052728,B,2020A_2
111,526,3DHST_34649,189.147751,62.321335,0,0,0.001000,154.000000,2000,TARGET,7661.947281,10184.565566,A,2020A_1
78,311,3DHST_20637,189.315720,62.243393,0,0,0.001000,156.000000,2000,TARGET,7658.209322,10180.826350,B,2020A_3
166,414,3DHST_23848,189.401352,62.258873,0,0,0.001000,158.000000,2000,TARGET,7677.952847,10200.562779,B,2020A_2
79,313,3DHST_11208,189.300385,62.197945,0,0,0.001000,159.000000,2000,TARGET,7661.514957,10184.132453,B,2020A_3
112,531,3DHST_18191,188.990479,62.231667,0,0,0.001000,160.000000,2000,TARGET,7316.598986,9839.368586,A,2020A_1
154,230,3DHST_1664,189.090500,62.134411,0,0,0.001000,161.000000,2000,TARGET,7413.867253,9936.601603,B,2020A_4
119,417,3DHST_3403,189.016037,62.150734,0,0,0.001000,162.000000,2000,TARGET,7256.557346,9779.360318,A,2020A_2
239,534,3DHST_1549,189.200180,62.133183,0,0,0.001000,163.000000,2000,TARGET,7658.374495,10180.997562,B,2020A_1
80,315,3DHST_30644,189.318604,62.294182,0,0,0.001000,164.000000,2000,TARGET,7707.738781,10230.334467,B,2020A_3
120,420,3DHST_8921,189.163864,62.186890,0,0,0.001000,166.000000,2000,TARGET,7551.398041,10074.063782,A,2020A_2
155,232,3DHST_34211,189.257187,62.318668,0,0,0.001000,167.000000,2000,TARGET,7704.898478,10227.497757,B,2020A_4
169,422,3DHST_28105,189.164673,62.280685,0,0,0.001000,169.000000,2000,TARGET,7605.985365,10128.627376,B,2020A_2
115,541,3DHST_16809,188.995056,62.225098,0,0,0.001000,171.000000,2000,TARGET,7343.951716,9866.709388,A,2020A_1
81,319,3DHST_28552,189.388748,62.282646,0,0,0.001000,172.000000,2000,TARGET,7463.882463,9986.586425,B,2020A_3
156,235,3DHST_28365,189.203781,62.281811,0,0,0.001000,174.000000,2000,TARGET,7692.499252,10215.101405,B,2020A_4
83,324,3DHST_23215,189.398849,62.256111,0,0,0.001000,177.000000,2000,TARGET,7399.252087,9921.984272,B,2020A_3
174,430,3DHST_24319,189.531250,62.261307,0,0,0.001000,178.000000,2000,TARGET,7627.045728,10149.684278,B,2020A_2
132,329,3DHST_36138,189.200119,62.334888,0,0,0.001000,183.000000,2000,TARGET,7683.254691,10205.863215,A,2020A_3
84,330,3DHST_24036,189.378662,62.260021,0,0,0.001000,184.000000,2000,TARGET,7470.102589,9992.803262,B,2020A_3
85,335,3DHST_11887,189.380676,62.201015,0,0,0.001000,190.000000,2000,TARGET,7399.357238,9922.090829,B,2020A_3
136,336,3DHST_11289,189.036804,62.198158,0,0,0.001000,191.000000,2000,TARGET,7299.890650,9822.670597,A,2020A_3
126,443,3DHST_7544,189.320236,62.179478,0,0,0.001000,192.000000,2000,TARGET,7551.438960,10074.103806,A,2020A_2
179,444,3DHST_27494,189.468262,62.276951,0,0,0.001000,193.000000,2000,TARGET,7530.678454,10053.356294,B,2020A_2
137,339,3DHST_3907,189.087906,62.154858,0,0,0.001000,197.000000,2000,TARGET,7526.168668,10048.852375,A,2020A_3
167,250,3DHST_7226,189.298431,62.177582,0,0,0.001000,200.000000,2000,TARGET,7005.062400,9527.970544,B,2020A_4
169,252,3DHST_14888,189.193878,62.215351,0,0,0.001000,203.000000,2000,TARGET,7446.074176,9968.785966,B,2020A_4
141,348,3DHST_28054,189.165527,62.280186,0,0,0.001000,207.000000,2000,TARGET,7625.032759,10147.664535,A,2020A_3
171,256,3DHST_16377,189.350571,62.222973,0,0,0.001000,208.000000,2000,TARGET,7049.693020,9572.580986,B,2020A_4
173,258,3DHST_19453,189.209808,62.237610,0,0,0.001000,210.000000,2000,TARGET,7493.281519,10015.971859,B,2020A_4
174,259,3DHST_2040,189.082947,62.139198,0,0,0.001000,211.000000,2000,TARGET,7453.642142,9976.358523,B,2020A_4
136,463,3DHST_2466,189.074417,62.143486,0,0,0.001000,215.000000,2000,TARGET,7217.881175,9740.698170,A,2020A_2
176,263,3DHST_34839,189.370361,62.323250,0,0,0.001000,217.000000,2000,TARGET,7424.499885,9947.227540,B,2020A_4
254,584,3DHST_13823,189.346039,62.210247,0,0,0.001000,218.000000,2000,TARGET,7318.601098,9841.369228,B,2020A_1
145,358,3DHST_23211,189.101288,62.256073,0,0,0.001000,220.000000,2000,TARGET,7440.874238,9963.588038,A,2020A_3
178,266,3DHST_29320,189.536407,62.286381,0,0,0.001000,222.000000,2000,TARGET,6824.454423,9347.451083,B,2020A_4
125,589,3DHST_20146,189.012695,62.241318,0,0,0.001000,223.000000,2000,TARGET,7369.595444,9892.341076,A,2020A_1
147,361,3DHST_36606,189.181000,62.340050,0,0,0.001000,224.000000,2000,TARGET,7615.478500,10138.117491,A,2020A_3
138,473,3DHST_239,189.112320,62.109001,0,0,0.001000,227.000000,2000,TARGET,6981.162803,9504.083332,A,2020A_2
258,595,3DHST_35544,189.406662,62.329411,0,0,0.001000,229.000000,2000,TARGET,7363.204224,9885.959649,B,2020A_1
182,272,3DHST_3487,189.073853,62.151566,0,0,0.001000,232.000000,2000,TARGET,7527.041993,10049.724662,B,2020A_4
127,599,3DHST_15013,189.009262,62.215900,0,0,0.001000,233.000000,2000,TARGET,7407.420891,9930.150677,A,2020A_1
93,368,3DHST_9890,189.341583,62.191742,0,0,0.001000,234.000000,2000,TARGET,7519.303972,10041.984973,B,2020A_3
183,274,3DHST_8814,189.141586,62.186298,0,0,0.001000,236.000000,2000,TARGET,7473.842102,9996.543601,B,2020A_4
184,275,3DHST_28871,189.380524,62.284370,0,0,0.001000,237.000000,2000,TARGET,7229.291607,9752.102992,B,2020A_4
261,604,3DHST_30218,189.270996,62.291668,0,0,0.001000,238.000000,2000,TARGET,7716.182072,10238.775177,B,2020A_1
96,373,3DHST_37820,189.340088,62.364216,0,0,0.001000,240.000000,2000,TARGET,7729.923447,10252.515236,B,2020A_3
194,484,3DHST_25880,189.121597,62.268585,0,0,0.001000,241.000000,2000,TARGET,7709.957372,10232.554541,B,2020A_2
195,485,3DHST_31305,189.501984,62.297665,0,0,0.001000,243.000000,2000,TARGET,7374.275914,9897.024778,B,2020A_2
146,493,3DHST_1383,189.220520,62.131031,0,0,0.001000,251.000000,2000,TARGET,7171.078808,9693.912645,A,2020A_2
269,619,3DHST_3499,189.201157,62.151718,0,0,0.001000,254.000000,2000,TARGET,7685.283780,10207.892891,B,2020A_1
147,496,3DHST_9665,189.331223,62.190723,0,0,0.001000,255.000000,2000,TARGET,7635.529913,10158.157466,A,2020A_2
197,497,3DHST_36149,189.285553,62.335037,0,0,0.001000,256.000000,2000,TARGET,7173.308583,9696.141321,B,2020A_2
196,291,3DHST_3872,189.124527,62.154549,0,0,0.001000,264.000000,2000,TARGET,7396.303776,9919.042674,B,2020A_4
135,632,3DHST_4527,189.017929,62.159500,0,0,0.001000,270.000000,2000,TARGET,7549.080368,10071.751669,A,2020A_1
277,639,3DHST_839,189.191681,62.121159,0,0,0.001000,277.000000,2000,TARGET,7667.054968,10189.675790,B,2020A_1
138,643,3DHST_7381,188.989899,62.178642,0,0,0.001000,281.000000,2000,TARGET,7419.832222,9942.559414,A,2020A_1
106,404,3DHST_15546,189.319992,62.218662,0,0,0.001000,284.000000,2000,TARGET,7617.721163,10140.356917,B,2020A_3
107,405,3DHST_31002,189.445862,62.295834,0,0,0.001000,285.000000,2000,TARGET,7293.112660,9815.893413,B,2020A_3
284,651,3DHST_5994,189.203705,62.170330,0,0,0.001000,290.000000,2000,TARGET,7708.063465,10230.660817,B,2020A_1
153,525,3DHST_8858,189.405624,62.186565,0,0,0.001000,292.000000,2000,TARGET,7636.722266,10159.351233,A,2020A_2
210,529,3DHST_28851,189.378159,62.284260,0,0,0.001000,296.000000,2000,TARGET,7504.094580,10026.781119,B,2020A_2
109,413,3DHST_29279,189.362778,62.286522,0,0,0.001000,297.000000,2000,TARGET,7553.713857,10076.377913,B,2020A_3
211,318,3DHST_20119,189.459564,62.241245,0,0,0.001000,302.000000,2000,TARGET,6832.831366,9355.818028,B,2020A_4
213,320,3DHST_34629,189.307068,62.321346,0,0,0.001000,304.000000,2000,TARGET,7583.779794,10106.434444,B,2020A_4
217,539,3DHST_26409,189.090195,62.271328,0,0,0.001000,306.000000,2000,TARGET,7704.329447,10226.930543,B,2020A_2
215,323,3DHST_2834,189.166351,62.146820,0,0,0.001000,308.000000,2000,TARGET,7248.850531,9771.654513,B,2020A_4
114,424,3DHST_17506,189.330139,62.228523,0,0,0.001000,309.000000,2000,TARGET,7594.662090,10117.307715,B,2020A_3
217,326,3DHST_31384,189.473755,62.298164,0,0,0.001000,313.000000,2000,TARGET,7041.775641,9564.674574,B,2020A_4
117,430,3DHST_14185,189.437225,62.212067,0,0,0.001000,316.000000,2000,TARGET,7224.069520,9746.880366,B,2020A_3
118,431,3DHST_5610,189.300522,62.167603,0,0,0.001000,317.000000,2000,TARGET,7632.484195,10155.117200,B,2020A_3
142,683,3DHST_10998,188.939285,62.196743,0,0,0.001000,323.000000,2000,TARGET,7220.918890,9743.733549,A,2020A_1
143,684,3DHST_12276,189.091080,62.203178,0,0,0.001000,324.000000,2000,TARGET,7694.703582,10217.305657,A,2020A_1
6,335,3DHST_10671,188.918259,62.195209,0,0,0.001000,326.000000,2000,TARGET,7720.492343,10243.089705,A,2020A_4
162,557,3DHST_834,189.191071,62.121220,0,0,0.001000,327.000000,2000,TARGET,7091.577791,9614.447319,A,2020A_2
227,339,3DHST_2406,189.140244,62.142754,0,0,0.001000,331.000000,2000,TARGET,7306.138816,9828.918471,B,2020A_4
229,343,3DHST_33862,189.353271,62.315296,0,0,0.001000,335.000000,2000,TARGET,7435.147744,9957.869343,B,2020A_4
311,700,3DHST_17116,189.233795,62.226604,0,0,0.001000,340.000000,2000,TARGET,7710.201424,10232.795260,B,2020A_1
124,452,3DHST_6281,189.286041,62.171936,0,0,0.001000,342.000000,2000,TARGET,7684.387593,10206.997172,B,2020A_3
237,351,3DHST_24289,189.376129,62.261536,0,0,0.001000,345.000000,2000,TARGET,7143.370778,9666.218816,B,2020A_4
147,707,3DHST_31777,189.125305,62.300854,0,0,0.001000,347.000000,2000,TARGET,7624.334626,10146.968058,A,2020A_1
239,353,3DHST_261,189.192474,62.109249,0,0,0.001000,348.000000,2000,TARGET,7028.566734,9551.471618,B,2020A_4
225,578,3DHST_26111,189.112213,62.269856,0,0,0.001000,350.000000,2000,TARGET,7705.021815,10227.621583,B,2020A_2
172,579,3DHST_9212,188.998810,62.188259,0,0,0.001000,351.000000,2000,TARGET,7521.561590,10044.248248,A,2020A_2
315,713,3DHST_1815,189.192200,62.136517,0,0,0.001000,353.000000,2000,TARGET,7689.733915,10212.342758,B,2020A_1
318,719,3DHST_21644,189.288055,62.248775,0,0,0.001000,359.000000,2000,TARGET,7577.495901,10100.148956,B,2020A_1
181,465,3DHST_32305,189.140183,62.304615,0,0,0.001000,360.000000,2000,TARGET,7515.919306,10038.600243,A,2020A_3
230,589,3DHST_30351,189.099960,62.292267,0,0,0.001000,363.000000,2000,TARGET,7551.518967,10074.187823,B,2020A_2
156,726,3DHST_3958,189.005524,62.155167,0,0,0.001000,366.000000,2000,TARGET,7518.488114,10041.173710,A,2020A_1
245,367,3DHST_24207,189.422394,62.261082,0,0,0.001000,369.000000,2000,TARGET,7017.480552,9540.385526,B,2020A_4
235,596,3DHST_33410,189.425705,62.311775,0,0,0.001000,371.000000,2000,TARGET,7293.911345,9816.692564,B,2020A_2
185,476,3DHST_32673,189.168076,62.306789,0,0,0.001000,374.000000,2000,TARGET,7605.429982,10128.071262,A,2020A_3
177,600,3DHST_941,189.200592,62.123241,0,0,0.001000,375.000000,2000,TARGET,7109.029703,9631.891341,A,2020A_2
241,609,3DHST_25220,189.540756,62.265476,0,0,0.001000,384.000000,2000,TARGET,7595.133901,10117.787193,B,2020A_2
253,380,3DHST_3398,189.124207,62.150967,0,0,0.001000,386.000000,2000,TARGET,7383.206891,9905.951963,B,2020A_4
161,747,3DHST_31439,189.085495,62.298607,0,0,0.001000,387.000000,2000,TARGET,7499.858341,10022.546794,A,2020A_1
256,385,3DHST_14738,189.164352,62.214306,0,0,0.001000,392.000000,2000,TARGET,7523.027422,10045.705296,B,2020A_4
164,761,3DHST_2482,189.018036,62.143227,0,0,0.001000,402.000000,2000,TARGET,7583.718686,10106.376549,A,2020A_1
139,503,3DHST_9166,189.299576,62.187939,0,0,0.001000,406.000000,2000,TARGET,7654.510652,10177.132008,B,2020A_3
141,510,3DHST_15382,189.293381,62.217899,0,0,0.001000,413.000000,2000,TARGET,7704.657183,10227.254372,B,2020A_3
197,511,3DHST_33638,189.202881,62.313938,0,0,0.001000,414.000000,2000,TARGET,7712.677494,10235.271531,A,2020A_3
249,637,3DHST_36421,189.239990,62.337910,0,0,0.001000,415.000000,2000,TARGET,7169.663244,9692.498022,B,2020A_2
144,525,3DHST_36228,189.348969,62.335754,0,0,0.001000,429.000000,2000,TARGET,7661.836885,10184.455960,B,2020A_3
200,653,3DHST_9373,189.422806,62.189186,0,0,0.001000,431.000000,2000,TARGET,7662.870472,10185.488421,A,2020A_2
171,794,3DHST_28990,189.116898,62.285000,0,0,0.001000,435.000000,2000,TARGET,7624.939483,10147.571858,A,2020A_1
149,543,3DHST_3463,189.299728,62.151772,0,0,0.001000,449.000000,2000,TARGET,7621.126810,10143.766645,B,2020A_3
209,677,3DHST_7361,189.248672,62.178627,0,0,0.001000,457.000000,2000,TARGET,7519.395632,10042.074360,A,2020A_2
178,817,3DHST_29708,189.109268,62.288822,0,0,0.001000,459.000000,2000,TARGET,7593.618587,10116.265013,A,2020A_1
215,552,3DHST_26918,189.088837,62.273830,0,0,0.001000,461.000000,2000,TARGET,7379.906846,9902.647622,A,2020A_3
152,555,3DHST_13444,189.309418,62.208633,0,0,0.001000,464.000000,2000,TARGET,7642.325545,10164.950880,B,2020A_3
218,558,3DHST_13668,189.060745,62.209827,0,0,0.001000,467.000000,2000,TARGET,7363.560585,9886.311092,A,2020A_3
303,447,3DHST_29651,189.468308,62.288239,0,0,0.001000,470.000000,2000,TARGET,7012.754166,9535.664786,B,2020A_4
157,568,3DHST_36665,189.395309,62.340553,0,0,0.001000,477.000000,2000,TARGET,7517.177396,10039.861653,B,2020A_3
311,458,3DHST_10096,189.068359,62.192924,0,0,0.001000,483.000000,2000,TARGET,7703.728413,10226.328813,B,2020A_4
186,842,3DHST_33146,189.132248,62.310017,0,0,0.001000,485.000000,2000,TARGET,7631.010785,10153.641859,A,2020A_1
189,846,3DHST_24667,189.095825,62.263268,0,0,0.001000,489.000000,2000,TARGET,7596.114721,10118.759336,A,2020A_1
162,583,3DHST_37030,189.375153,62.345325,0,0,0.001000,495.000000,2000,TARGET,7589.427965,10112.080407,B,2020A_3
228,594,3DHST_4008,189.047928,62.155499,0,0,0.001000,506.000000,2000,TARGET,7394.090244,9916.833042,A,2020A_3
325,479,3DHST_32825,189.394333,62.307663,0,0,0.001000,508.000000,2000,TARGET,7293.282760,9816.068047,B,2020A_4
327,481,3DHST_4735,189.052612,62.161182,0,0,0.001000,510.000000,2000,TARGET,7624.018687,10146.657914,B,2020A_4
383,868,3DHST_18775,189.269287,62.234585,0,0,0.001000,511.000000,2000,TARGET,7610.888357,10133.526348,B,2020A_1
170,602,3DHST_28984,189.418503,62.284775,0,0,0.001000,515.000000,2000,TARGET,7368.948305,9891.694680,B,2020A_3
225,735,3DHST_12085,189.319473,62.202141,0,0,0.001000,521.000000,2000,TARGET,7712.050598,10234.643889,A,2020A_2
334,492,3DHST_3969,189.262558,62.155560,0,0,0.001000,525.000000,2000,TARGET,7015.292973,9538.198007,B,2020A_4
232,747,3DHST_11378,189.398819,62.198639,0,0,0.001000,534.000000,2000,TARGET,7719.371153,10241.963012,A,2020A_2
237,619,3DHST_5147,188.996262,62.163700,0,0,0.001000,536.000000,2000,TARGET,7212.981666,9735.804462,A,2020A_3
237,758,3DHST_7302,189.292419,62.178139,0,0,0.001000,545.000000,2000,TARGET,7531.459551,10054.132991,A,2020A_2
246,635,3DHST_6794,189.015152,62.175106,0,0,0.001000,553.000000,2000,TARGET,7259.380854,9782.181396,A,2020A_3
180,639,3DHST_17302,189.314850,62.227547,0,0,0.001000,557.000000,2000,TARGET,7643.980930,10166.604675,B,2020A_3
182,643,3DHST_2306,189.264740,62.141983,0,0,0.001000,561.000000,2000,TARGET,7729.050526,10251.643919,B,2020A_3
302,785,3DHST_25423,189.501495,62.266579,0,0,0.001000,572.000000,2000,TARGET,7596.354965,10119.005362,B,2020A_2
184,657,3DHST_27345,189.319870,62.275990,0,0,0.001000,577.000000,2000,TARGET,7681.713468,10204.320150,B,2020A_3
253,801,3DHST_3352,189.174255,62.150566,0,0,0.001000,590.000000,2000,TARGET,7295.636621,9818.415755,A,2020A_2
212,949,3DHST_26126,189.125885,62.270016,0,0,0.001000,596.000000,2000,TARGET,7680.601283,10203.208474,A,2020A_1
418,950,3DHST_4469,189.215958,62.159287,0,0,0.001000,597.000000,2000,TARGET,7649.733571,10172.357646,B,2020A_1
189,676,3DHST_30288,189.446503,62.291813,0,0,0.001000,600.000000,2000,TARGET,7285.936480,9808.720216,B,2020A_3
7,559,3DHST_18138,188.951263,62.231785,0,0,0.001000,608.000000,2000,TARGET,7651.229672,10173.853382,A,2020A_4
264,686,3DHST_11771,189.150436,62.200638,0,0,0.001000,611.000000,2000,TARGET,7669.693973,10192.308442,A,2020A_3
384,570,3DHST_6495,189.112183,62.173244,0,0,0.001000,621.000000,2000,TARGET,7504.121286,10026.810937,B,2020A_4
199,696,3DHST_19328,189.346405,62.237453,0,0,0.001000,622.000000,2000,TARGET,7550.750951,10073.415863,B,2020A_3
200,697,3DHST_14885,189.298187,62.215454,0,0,0.001000,623.000000,2000,TARGET,7686.304849,10208.910303,B,2020A_3
317,832,3DHST_34015,189.404633,62.316162,0,0,0.001000,625.000000,2000,TARGET,7268.777498,9791.569237,B,2020A_2
201,700,3DHST_35609,189.372543,62.329487,0,0,0.001000,627.000000,2000,TARGET,7576.544206,10099.200834,B,2020A_3
436,982,3DHST_5937,189.279327,62.169662,0,0,0.001000,631.000000,2000,TARGET,7461.734355,9984.440704,B,2020A_1
270,705,3DHST_8927,189.161026,62.187035,0,0,0.001000,633.000000,2000,TARGET,7722.147343,10244.739560,A,2020A_3
391,578,3DHST_28986,189.507950,62.284489,0,0,0.001000,635.000000,2000,TARGET,6891.368645,9414.334259,B,2020A_4
321,845,3DHST_29718,189.111115,62.288792,0,0,0.001000,639.000000,2000,TARGET,7571.234227,10093.893765,B,2020A_2
269,849,3DHST_3569,189.161118,62.152126,0,0,0.001000,643.000000,2000,TARGET,7302.845061,9825.621291,A,2020A_2
221,995,3DHST_30055,189.127350,62.290607,0,0,0.001000,644.000000,2000,TARGET,7648.750239,10171.372303,A,2020A_1
8,594,3DHST_20839,188.992157,62.244679,0,0,0.001000,654.000000,2000,TARGET,7706.324946,10228.922417,A,2020A_4
403,597,3DHST_26325,189.339371,62.270798,0,0,0.001000,657.000000,2000,TARGET,7281.355294,9804.141771,B,2020A_4
404,598,3DHST_9929,189.130692,62.192245,0,0,0.001000,658.000000,2000,TARGET,7527.710731,10050.388110,B,2020A_4
211,728,3DHST_4425,189.304703,62.158806,0,0,0.001000,659.000000,2000,TARGET,7610.763479,10133.407063,B,2020A_3
212,730,3DHST_27623,189.431137,62.277264,0,0,0.001000,661.000000,2000,TARGET,7318.318871,9841.087537,B,2020A_3
225,1033,3DHST_31880,189.148941,62.301373,0,0,0.001000,684.000000,2000,TARGET,7699.662657,10222.262766,A,2020A_1
460,1042,3DHST_30820,189.384918,62.294914,0,0,0.001000,693.000000,2000,TARGET,7359.566514,9882.319645,B,2020A_1
221,765,3DHST_2942,189.291092,62.147350,0,0,0.001000,701.000000,2000,TARGET,7646.010632,10168.640021,B,2020A_3
284,769,3DHST_30314,189.190262,62.292103,0,0,0.001000,705.000000,2000,TARGET,7693.576168,10216.177739,A,2020A_3
9,637,3DHST_18567,188.972717,62.233814,0,0,0.001000,706.000000,2000,TARGET,7700.085651,10222.686966,A,2020A_4
343,910,3DHST_28925,189.439911,62.284370,0,0,0.001000,710.000000,2000,TARGET,7485.357498,10008.054249,B,2020A_2
447,657,3DHST_25945,189.451370,62.269234,0,0,0.001000,727.000000,2000,TARGET,6975.201530,9498.126633,B,2020A_4
296,928,3DHST_5565,189.044464,62.166924,0,0,0.001000,728.000000,2000,TARGET,7378.417302,9901.164608,A,2020A_2
234,1082,3DHST_11411,189.068649,62.199062,0,0,0.001000,734.000000,2000,TARGET,7630.950497,10153.581350,A,2020A_1
299,937,3DHST_8124,189.071136,62.182938,0,0,0.001000,738.000000,2000,TARGET,7498.887367,10021.579868,A,2020A_2
10,671,3DHST_11249,188.920746,62.198032,0,0,0.001000,745.000000,2000,TARGET,7714.852449,10237.451915,A,2020A_4
458,672,3DHST_6338,189.169220,62.172142,0,0,0.001000,747.000000,2000,TARGET,7340.831368,9863.592391,B,2020A_4
480,1094,3DHST_2304,189.237244,62.141926,0,0,0.001000,748.000000,2000,TARGET,7551.790795,10074.459833,B,2020A_1
238,1095,3DHST_27001,189.130722,62.274101,0,0,0.001000,749.000000,2000,TARGET,7688.834751,10211.438395,A,2020A_1
240,1099,3DHST_34381,189.148331,62.319096,0,0,0.001000,754.000000,2000,TARGET,7667.572743,10190.188352,A,2020A_1
298,812,3DHST_25253,189.168838,62.265831,0,0,0.001000,758.000000,2000,TARGET,7651.735622,10174.355431,A,2020A_3
358,953,3DHST_35021,189.226547,62.324757,0,0,0.001000,761.000000,2000,TARGET,7268.356797,9791.147822,B,2020A_2
237,817,3DHST_2614,189.270660,62.144817,0,0,0.001000,765.000000,2000,TARGET,7711.737696,10234.338357,B,2020A_3
11,690,3DHST_16645,188.950378,62.224453,0,0,0.001000,773.000000,2000,TARGET,7680.135471,10202.746918,A,2020A_4
313,966,3DHST_8387,189.014236,62.184238,0,0,0.001000,774.000000,2000,TARGET,7495.813374,10018.510431,A,2020A_2
367,981,3DHST_28043,189.145920,62.279926,0,0,0.001000,789.000000,2000,TARGET,7619.165087,10141.801839,B,2020A_2
373,995,3DHST_30680,189.327667,62.294094,0,0,0.001000,803.000000,2000,TARGET,7450.203336,9972.913010,B,2020A_2
252,866,3DHST_25804,189.456146,62.268475,0,0,0.001000,821.000000,2000,TARGET,7225.588814,9748.398546,B,2020A_3
318,873,3DHST_34958,189.192184,62.323956,0,0,0.001000,829.000000,2000,TARGET,7667.627044,10190.241688,A,2020A_3
508,745,3DHST_824,189.149750,62.120838,0,0,0.001000,838.000000,2000,TARGET,7194.147878,9716.979342,B,2020A_4
263,1201,3DHST_22931,189.059280,62.254318,0,0,0.001000,863.000000,2000,TARGET,7495.022338,10017.711892,A,2020A_1
533,777,3DHST_19602,189.402481,62.238655,0,0,0.001000,872.000000,2000,TARGET,6975.313819,9498.235934,B,2020A_4
401,1061,3DHST_33151,189.242905,62.310062,0,0,0.001000,876.000000,2000,TARGET,7366.613628,9889.360633,B,2020A_2
13,792,3DHST_11864,188.929977,62.200897,0,0,0.001000,888.000000,2000,TARGET,7726.988231,10249.581662,A,2020A_4
273,940,3DHST_34978,189.389618,62.324001,0,0,0.001000,899.000000,2000,TARGET,7513.520079,10036.204397,B,2020A_3
354,966,3DHST_22546,189.174789,62.252956,0,0,0.001000,928.000000,2000,TARGET,7685.898379,10208.503098,A,2020A_3
286,1282,3DHST_35868,189.141403,62.332088,0,0,0.001000,948.000000,2000,TARGET,7623.573027,10146.209252,A,2020A_1
284,989,3DHST_7363,189.331436,62.178780,0,0,0.001000,953.000000,2000,TARGET,7540.420578,10063.093272,B,2020A_3
289,1004,3DHST_7020,189.327850,62.176388,0,0,0.001000,968.000000,2000,TARGET,7550.045936,10072.714583,B,2020A_3
293,1304,3DHST_21222,189.081787,62.246685,0,0,0.001000,970.000000,2000,TARGET,7581.554081,10104.205157,A,2020A_1
589,868,3DHST_23739,189.293228,62.258873,0,0,0.001000,974.000000,2000,TARGET,7355.163314,9877.915780,B,2020A_4
437,1166,3DHST_31291,189.106354,62.297707,0,0,0.001000,988.000000,2000,TARGET,7510.103172,10032.790219,B,2020A_2
561,1322,3DHST_2260,189.220795,62.141315,0,0,0.001000,989.000000,2000,TARGET,7604.343786,10126.989713,B,2020A_1
300,1323,3DHST_24754,189.115463,62.263763,0,0,0.001000,990.000000,2000,TARGET,7658.383305,10181.000246,A,2020A_1
309,1350,3DHST_13666,189.099976,62.210045,0,0,0.001000,1019.000000,2000,TARGET,7709.774652,10232.369617,A,2020A_1
310,1353,3DHST_4348,189.000549,62.157944,0,0,0.001000,1022.000000,2000,TARGET,7496.755881,10019.450895,A,2020A_1
580,1362,3DHST_4441,189.266205,62.158974,0,0,0.001000,1031.000000,2000,TARGET,7486.043819,10008.740244,B,2020A_1
15,922,3DHST_19147,188.949020,62.236374,0,0,0.001000,1037.000000,2000,TARGET,7625.695342,10148.330128,A,2020A_4
315,1371,3DHST_33853,189.145981,62.315037,0,0,0.001000,1040.000000,2000,TARGET,7666.819160,10189.434772,A,2020A_1
322,1418,3DHST_28326,189.126190,62.281380,0,0,0.001000,1090.000000,2000,TARGET,7661.275306,10183.891423,A,2020A_1
406,1258,3DHST_10408,189.381760,62.194305,0,0,0.001000,1092.000000,2000,TARGET,7681.395084,10204.003348,A,2020A_2
325,1434,3DHST_31527,189.108414,62.299191,0,0,0.001000,1108.000000,2000,TARGET,7572.746434,10095.402621,A,2020A_1
409,1126,3DHST_27296,189.134811,62.275810,0,0,0.001000,1109.000000,2000,TARGET,7528.865533,10051.540038,A,2020A_3
421,1293,3DHST_7920,189.222137,62.181919,0,0,0.001000,1131.000000,2000,TARGET,7533.953362,10056.625803,A,2020A_2
333,1147,3DHST_3788,189.308121,62.153976,0,0,0.001000,1132.000000,2000,TARGET,7595.184582,10117.835624,B,2020A_3
691,1008,3DHST_31164,189.497345,62.296669,0,0,0.001000,1136.000000,2000,TARGET,6972.917516,9495.847799,B,2020A_4
698,1020,3DHST_22497,189.283859,62.252777,0,0,0.001000,1150.000000,2000,TARGET,7354.949383,9877.701679,B,2020A_4
338,1164,3DHST_37449,189.347015,62.353031,0,0,0.001000,1151.000000,2000,TARGET,7691.737421,10214.344943,B,2020A_3
643,1496,3DHST_27923,189.299713,62.279137,0,0,0.001000,1175.000000,2000,TARGET,7599.449077,10122.093590,B,2020A_1
429,1188,3DHST_28780,189.185455,62.283966,0,0,0.001000,1178.000000,2000,TARGET,7686.433338,10209.037878,A,2020A_3
350,1195,3DHST_9767,189.283401,62.191525,0,0,0.001000,1185.000000,2000,TARGET,7711.415108,10234.010954,B,2020A_3
350,1548,3DHST_4860,189.016846,62.161648,0,0,0.001000,1227.000000,2000,TARGET,7541.138564,10063.813175,A,2020A_1
465,1284,3DHST_24934,189.121140,62.264683,0,0,0.001000,1277.000000,2000,TARGET,7496.314824,10019.003820,A,2020A_3
366,1613,3DHST_5504,189.000641,62.166183,0,0,0.001000,1294.000000,2000,TARGET,7479.877934,10002.579534,A,2020A_1
802,1169,3DHST_16250,189.111969,62.222645,0,0,0.001000,1312.000000,2000,TARGET,7700.870567,10223.469637,B,2020A_4
807,1179,3DHST_33103,189.362381,62.309486,0,0,0.001000,1322.000000,2000,TARGET,7385.847532,9908.590816,B,2020A_4
375,1648,3DHST_3065,189.021500,62.148087,0,0,0.001000,1331.000000,2000,TARGET,7584.477427,10107.134277,A,2020A_1
547,1493,3DHST_25449,189.476730,62.266762,0,0,0.001000,1343.000000,2000,TARGET,7601.188829,10123.835800,B,2020A_2
16,1226,3DHST_23636,189.002289,62.258278,0,0,0.001000,1372.000000,2000,TARGET,7676.482899,10199.092827,A,2020A_4
729,1701,3DHST_19119,189.343704,62.236446,0,0,0.001000,1385.000000,2000,TARGET,7375.325257,9898.068183,B,2020A_1
414,1399,3DHST_6601,189.305832,62.173862,0,0,0.001000,1399.000000,2000,TARGET,7620.605899,10143.243532,B,2020A_3
511,1424,3DHST_35634,189.208725,62.329784,0,0,0.001000,1424.000000,2000,TARGET,7716.424347,10239.017768,A,2020A_3
591,1599,3DHST_33565,189.469681,62.312824,0,0,0.001000,1451.000000,2000,TARGET,7274.293148,9797.084775,B,2020A_2
429,1459,3DHST_4131,189.306488,62.156521,0,0,0.001000,1460.000000,2000,TARGET,7602.830155,10125.477513,B,2020A_3
546,1517,3DHST_32937,189.182510,62.308380,0,0,0.001000,1519.000000,2000,TARGET,7651.277542,10173.898540,A,2020A_3
147,338,3DHST_Q_14945,189.359384,62.215357,0,0,0.001000,1527.000000,2000,TARGET,7285.091110,9807.874093,B,2020A_1
170,379,3DHST_Q_34630,189.444194,62.321885,0,0,0.001000,1527.000000,2000,TARGET,7227.828473,9750.643802,B,2020A_1
69,234,3DHST_Q_10145,189.352801,62.192151,0,0,0.001000,1527.000000,2000,TARGET,7654.209179,10176.828823,A,2020A_2
95,271,3DHST_Q_26422,189.551610,62.271284,0,0,0.001000,1527.000000,2000,TARGET,7551.243562,10073.917009,B,2020A_2
98,274,3DHST_Q_27600,189.077863,62.278531,0,0,0.001000,1527.000000,2000,TARGET,7658.843062,10181.465100,B,2020A_2
48,204,3DHST_Q_33464,189.404720,62.312932,0,0,0.001000,1527.000000,2000,TARGET,7449.676940,9972.388905,B,2020A_3
3,106,3DHST_Q_13041,188.934519,62.206753,0,0,0.001000,1527.000000,2000,TARGET,7713.786748,10236.385300,A,2020A_4
101,150,3DHST_Q_35299,189.360002,62.329100,0,0,0.001000,1527.000000,2000,TARGET,7477.342607,10000.046999,B,2020A_4
