name,ra,dec,priority,type
Hu10_z6_5,189.399719,62.239494,1,TARGET
Hu10_z6_11,189.365982,62.196171,1,TARGET
Hu10_z6_12,189.320312,62.233444,1,TARGET
Hu10_z6_9,189.342285,62.262852,1,TARGET
Hu10_z6_7,189.032761,62.14397,1,TARGET
Hu10_z6_6,189.324554,62.299732,1,TARGET
Hu10_z6_4,189.253998,62.353954,1,TARGET
Stark11_35_22248,189.253998,62.353954,1,TARGET
Hu10_z6_3,189.055939,62.12999,1,TARGET
Stark11_43_3982,189.039261,62.247654,1,TARGET
Jung18_z6_GND_5752,189.199585,62.320965,1,TARGET
Stark11_42_13066,189.156387,62.197666,1,TARGET
Stark11_33_17705,189.208191,62.23214,1,TARGET
Stark11_32_16773,189.1978,62.199982,1,TARGET
Stark11_34_24923,189.284531,62.287498,1,TARGET
Stark11_33_19990,189.231018,62.252335,1,TARGET
Jung18_z6_GND_28438,189.177979,62.223713,1,TARGET
Hu10_z7_1,189.358261,62.207642,1,TARGET
Stark11_35_22381,189.255386,62.35775,1,TARGET
Stark11_24_28120,189.321457,62.2901,1,TARGET
Stark11_24_26902,189.307617,62.323444,1,TARGET
Stark11_41_13100,189.156693,62.11544,1,TARGET
Stark11_42_6706,189.079712,62.141884,1,TARGET
Jung18_z7_GND_10402,189.179276,62.275894,1,TARGET
Hu10_z7_2,189.356888,62.295319,1,TARGET
3DHST_16990,189.227005,62.22645569,2,TARGET
3DHST_17033,189.22576904,62.22662735,2,TARGET
3DHST_18608,189.20870972,62.23365021,2,TARGET
3DHST_19140,189.18365479,62.23613739,2,TARGET
3DHST_21290,189.26806641,62.24618149,2,TARGET
z6_GNW_30051,189.455215,62.260632,3,TARGET
z5_GNW_10084,189.057281,62.166943,3,TARGET
z5_GNW_15423,188.979294,62.201313,3,TARGET
z6_GND_16819,189.328232,62.256317,3,TARGET
z5_GND_14430,189.342285,62.262852,3,TARGET
z5_GND_30190,189.248978,62.218365,3,TARGET
z5_GND_42418,189.16655,62.305592,3,TARGET
z5_GND_15562,189.106384,62.259712,3,TARGET
z5_GND_44499,189.105927,62.286846,3,TARGET
z6_GNW_27915,189.474213,62.2757,3,TARGET
z6_GNW_25538,189.481949,62.288136,3,TARGET
z6_GNW_25971,189.334732,62.286125,3,TARGET
z6_GNW_23437,189.388,62.301167,3,TARGET
z5_GNW_22336,189.341263,62.309196,3,TARGET
z6_GNW_22717,189.416199,62.333141,3,TARGET
z6_GNW_23350,189.414474,62.333523,3,TARGET
z6_GNW_20152,189.307617,62.323444,3,TARGET
z6_GNW_32543,189.318924,62.356548,3,TARGET
z6_GNW_4311,189.178604,62.132816,3,TARGET
z6_GNW_6440,189.162872,62.145832,3,TARGET
z6_GNW_8472,189.172394,62.157078,3,TARGET
z6_GNW_22555,189.301788,62.307808,3,TARGET
z6_GNW_1169,189.135452,62.108707,3,TARGET
z6_GNW_2045,189.156693,62.11544,3,TARGET
z6_GNW_2993,189.127197,62.122612,3,TARGET
z6_GNW_6554,189.137207,62.146313,3,TARGET
z6_GNW_7317,189.069244,62.150181,3,TARGET
z5_GNW_12024,189.14296,62.17979,3,TARGET
z6_GNW_10421,189.089981,62.169113,3,TARGET
z6_GNW_10970,189.075775,62.172729,3,TARGET
z5_GNW_11324,189.068375,62.174931,3,TARGET
z6_GNW_14511,189.100571,62.195335,3,TARGET
z6_GNW_16141,189.019241,62.207722,3,TARGET
z6_GNW_10822,188.9953,62.171459,3,TARGET
z6_GNW_14478,189.00145,62.194984,3,TARGET
z6_GNW_15180,188.962036,62.199577,3,TARGET
z6_GNW_16618,188.99588,62.212585,3,TARGET
z6_GNW_16070,188.954025,62.206898,3,TARGET
z6_GNW_16088,188.953293,62.207077,3,TARGET
z6_GND_2469,189.31723,62.169769,3,TARGET
z7_GND_39528,189.306519,62.18745,3,TARGET
z6_GND_35647,189.329865,62.200844,3,TARGET
z6_GND_29564,189.379532,62.220028,3,TARGET
z6_GND_28043,189.418427,62.224796,3,TARGET
z6_GND_25736,189.335617,62.231339,3,TARGET
z6_GND_25400,189.341888,62.232079,3,TARGET
z6_GND_23382,189.386108,62.237839,3,TARGET
z6_GND_20879,189.369308,62.244785,3,TARGET
z6_GND_19165,189.347733,62.24987,3,TARGET
z6_GND_14309,189.334091,62.263069,3,TARGET
z6_GNW_25620,189.321457,62.2901,3,TARGET
z6_GND_2164,189.25708,62.167366,3,TARGET
z6_GND_3883,189.303238,62.178509,3,TARGET
z6_GND_3649,189.206741,62.177505,3,TARGET
z6_GND_37114,189.276001,62.195805,3,TARGET
z6_GND_36192,189.293243,62.198696,3,TARGET
z6_GND_36100,189.191269,62.19952,3,TARGET
z6_GND_34516,189.29245,62.205074,3,TARGET
z5_GND_32273,189.226334,62.211914,3,TARGET
z6_GND_25195,189.260529,62.232784,3,TARGET
z6_GND_27453,189.237427,62.228119,3,TARGET
z6_GND_28438,189.177979,62.223713,3,TARGET
z6_GND_19665,189.248718,62.248444,3,TARGET
z6_GND_22283,189.211411,62.24107,3,TARGET
z6_GND_18287,189.231018,62.252335,3,TARGET
z6_GND_16399,189.234833,62.257507,3,TARGET
z6_GND_11494,189.288666,62.271809,3,TARGET
z6_GND_8220,189.284531,62.287498,3,TARGET
z6_GND_8934,189.254196,62.282974,3,TARGET
z5_GND_10574,189.175613,62.275261,3,TARGET
z6_GND_10131,189.169647,62.277069,3,TARGET
z6_GND_43125,189.189148,62.300659,3,TARGET
z6_GND_41463,189.175934,62.311527,3,TARGET
z6_GNW_11480,189.157516,62.176079,3,TARGET
z6_GNW_11543,189.15744,62.176498,3,TARGET
z6_GND_36607,189.155594,62.197659,3,TARGET
z6_GND_36553,189.156387,62.197773,3,TARGET
z6_GND_32408,189.139297,62.211319,3,TARGET
z6_GND_31259,189.128204,62.214882,3,TARGET
z6_GND_31100,189.111649,62.215378,3,TARGET
z6_GND_28182,189.114838,62.22443,3,TARGET
z6_GND_20167,189.134628,62.24704,3,TARGET
z6_GND_22665,189.119446,62.239944,3,TARGET
z6_GND_22789,189.057785,62.239265,3,TARGET
z5_GND_7766,189.139984,62.291809,3,TARGET
z6_GND_44248,189.106491,62.28997,3,TARGET
z7_GNW_28182,189.510132,62.274639,3,TARGET
z7_GNW_24671,189.36171,62.294373,3,TARGET
z7_GNW_24443,189.356888,62.295319,3,TARGET
z7_GNW_23360,189.358093,62.302467,3,TARGET
z7_GNW_22375,189.34259,62.308517,3,TARGET
z6_GNW_3671,189.203537,62.127998,3,TARGET
z6_GNW_18532,189.292984,62.366489,3,TARGET
z7_GNW_11595,188.96524,62.176491,3,TARGET
z6_GND_35540,189.337234,62.201584,3,TARGET
z6_GND_29625,189.40358,62.219875,3,TARGET
z7_GND_22525,189.372818,62.240372,3,TARGET
z7_GND_35507,189.304443,62.201679,3,TARGET
z7_GND_34860,189.228882,62.20401,3,TARGET
z7_GND_34730,189.225845,62.204224,3,TARGET
z6_GND_27273,189.197571,62.226986,3,TARGET
z6_GND_22278,189.240829,62.242634,3,TARGET
z7_GND_19479,189.239761,62.248119,3,TARGET
z5_GND_13996,189.162186,62.263817,3,TARGET
z6_GND_11304,189.282639,62.272503,3,TARGET
z7_GND_11401,189.1866,62.270905,3,TARGET
z6_GND_10245,189.277405,62.276409,3,TARGET
z6_GND_44831,189.17514,62.282261,3,TARGET
z7_GND_43678,189.235199,62.295593,3,TARGET
z7_GND_42808,189.1884,62.303051,3,TARGET
z6_GND_7095,189.165024,62.30019,3,TARGET
z7_GND_41647,189.178131,62.310635,3,TARGET
z7_GND_41244,189.177872,62.311699,3,TARGET
z7_GND_5323,189.178101,62.324318,3,TARGET
z7_GND_15642,189.151978,62.25964,3,TARGET
z7_GND_16759,189.079834,62.256454,3,TARGET
z7_GND_10568,189.13916,62.275288,3,TARGET
z7_GND_8358,189.155319,62.286461,3,TARGET
z6_GND_43953,189.117065,62.294224,3,TARGET
z6_GND_42333,189.139923,62.308372,3,TARGET
z7_GNW_23360,189.358093,62.302467,3,TARGET
z7_GNW_17001,189.032486,62.216415,3,TARGET
3DHST_98,189.08625793,62.10453415,6,TARGET
3DHST_179,189.13746643,62.10703278,6,TARGET
3DHST_224,189.17127991,62.10860825,6,TARGET
3DHST_233,189.13430786,62.10866165,6,TARGET
3DHST_239,189.11231995,62.10900116,6,TARGET
3DHST_261,189.19247437,62.10924911,6,TARGET
3DHST_288,189.13508606,62.11024475,6,TARGET
3DHST_293,189.20309448,62.11016846,6,TARGET
3DHST_299,189.10372925,62.11014557,6,TARGET
3DHST_304,189.20196533,62.11026764,6,TARGET
3DHST_366,189.08961487,62.1115036,6,TARGET
3DHST_367,189.07592773,62.11153412,6,TARGET
3DHST_379,189.18460083,62.11182022,6,TARGET
3DHST_381,189.15254211,62.11186981,6,TARGET
3DHST_396,189.21299744,62.11244583,6,TARGET
3DHST_457,189.21046448,62.11320496,6,TARGET
3DHST_463,189.16439819,62.11348343,6,TARGET
3DHST_500,189.15988159,62.11403275,6,TARGET
3DHST_503,189.16552734,62.11405945,6,TARGET
3DHST_506,189.1749115,62.11445618,6,TARGET
3DHST_523,189.17431641,62.1143837,6,TARGET
3DHST_570,189.09831238,62.11517715,6,TARGET
3DHST_577,189.161026,62.11537933,6,TARGET
3DHST_608,189.11499023,62.11603165,6,TARGET
3DHST_613,189.13731384,62.11619949,6,TARGET
3DHST_636,189.1607666,62.11662292,6,TARGET
3DHST_646,189.19473267,62.11705017,6,TARGET
3DHST_655,189.19760132,62.11749649,6,TARGET
3DHST_665,189.15135193,62.11739349,6,TARGET
3DHST_680,189.15657043,62.11758423,6,TARGET
3DHST_681,189.1197052,62.11759949,6,TARGET
3DHST_703,189.07261658,62.11826324,6,TARGET
3DHST_724,189.17259216,62.11957932,6,TARGET
3DHST_741,189.16046143,62.11901855,6,TARGET
3DHST_787,189.16339111,62.12022781,6,TARGET
3DHST_824,189.14974976,62.12083817,6,TARGET
3DHST_826,189.11604309,62.12083435,6,TARGET
3DHST_828,189.16166687,62.12105179,6,TARGET
3DHST_833,189.19412231,62.12099075,6,TARGET
3DHST_834,189.19107056,62.12121964,6,TARGET
3DHST_839,189.19168091,62.1211586,6,TARGET
3DHST_878,189.13491821,62.12187195,6,TARGET
3DHST_893,189.10099792,62.12202835,6,TARGET
3DHST_896,189.13619995,62.12222672,6,TARGET
3DHST_941,189.20059204,62.12324142,6,TARGET
3DHST_952,189.15316772,62.12398148,6,TARGET
3DHST_993,189.20823669,62.12413788,6,TARGET
3DHST_1007,189.12150574,62.12452316,6,TARGET
3DHST_1165,189.12136841,62.12783813,6,TARGET
3DHST_1198,189.13052368,62.12797928,6,TARGET
3DHST_1260,189.13845825,62.12903595,6,TARGET
3DHST_1293,189.09162903,62.12932587,6,TARGET
3DHST_1299,189.13487244,62.12928391,6,TARGET
3DHST_1343,189.05670166,62.12991333,6,TARGET
3DHST_1344,189.1894989,62.13018417,6,TARGET
3DHST_1349,189.17947388,62.13015747,6,TARGET
3DHST_1360,189.22370911,62.13041687,6,TARGET
3DHST_1372,189.06903076,62.13035583,6,TARGET
3DHST_1383,189.22052002,62.13103104,6,TARGET
3DHST_1404,189.15312195,62.13081741,6,TARGET
3DHST_1430,189.21725464,62.13116074,6,TARGET
3DHST_1443,189.17980957,62.13139725,6,TARGET
3DHST_1498,189.20510864,62.13243484,6,TARGET
3DHST_1545,189.09693909,62.13293457,6,TARGET
3DHST_1549,189.20018005,62.13318253,6,TARGET
3DHST_1569,189.20057678,62.13326263,6,TARGET
3DHST_1618,189.0914917,62.13355637,6,TARGET
3DHST_1622,189.0750885,62.13373947,6,TARGET
3DHST_1624,189.11169434,62.13385391,6,TARGET
3DHST_1628,189.08425903,62.13416672,6,TARGET
3DHST_1659,189.16819763,62.13434601,6,TARGET
3DHST_1664,189.09049988,62.13441086,6,TARGET
3DHST_1691,189.1894989,62.13451767,6,TARGET
3DHST_1751,189.16021729,62.13537216,6,TARGET
3DHST_1815,189.19219971,62.13651657,6,TARGET
3DHST_1855,189.2293396,62.13713455,6,TARGET
3DHST_1897,189.17222595,62.13759232,6,TARGET
3DHST_1902,189.07022095,62.13774109,6,TARGET
3DHST_1959,189.05532837,62.13824463,6,TARGET
3DHST_1974,189.18933105,62.13845444,6,TARGET
3DHST_2012,189.04225159,62.13873672,6,TARGET
3DHST_2040,189.08294678,62.1391983,6,TARGET
3DHST_2064,189.17233276,62.13948441,6,TARGET
3DHST_2086,189.15087891,62.13970184,6,TARGET
3DHST_2107,189.17176819,62.13988876,6,TARGET
3DHST_2111,189.17515564,62.14028931,6,TARGET
3DHST_2133,189.05444336,62.14009476,6,TARGET
3DHST_2136,189.30735779,62.1404686,6,TARGET
3DHST_2143,189.19522095,62.14034653,6,TARGET
3DHST_2219,189.13586426,62.14168549,6,TARGET
3DHST_2222,189.06695557,62.1408844,6,TARGET
3DHST_2228,189.04031372,62.14134598,6,TARGET
3DHST_2231,189.1416626,62.14107513,6,TARGET
3DHST_2242,189.18690491,62.14150238,6,TARGET
3DHST_2260,189.22079468,62.14131546,6,TARGET
3DHST_2304,189.23724365,62.14192581,6,TARGET
3DHST_2305,189.15377808,62.14183044,6,TARGET
3DHST_2306,189.26473999,62.14198303,6,TARGET
3DHST_2337,189.0489502,62.14224625,6,TARGET
3DHST_2347,189.04940796,62.14212036,6,TARGET
3DHST_2396,189.03323364,62.14250946,6,TARGET
3DHST_2406,189.14024353,62.1427536,6,TARGET
3DHST_2428,189.14649963,62.14304352,6,TARGET
3DHST_2439,189.05055237,62.14303207,6,TARGET
3DHST_2466,189.07441711,62.14348602,6,TARGET
3DHST_2473,189.09397888,62.14322662,6,TARGET
3DHST_2482,189.01803589,62.14322662,6,TARGET
3DHST_2515,189.1237793,62.14389038,6,TARGET
3DHST_2521,189.27154541,62.14385986,6,TARGET
3DHST_2573,189.0632019,62.14502716,6,TARGET
3DHST_2584,189.06428528,62.14463043,6,TARGET
3DHST_2612,189.1856842,62.14480209,6,TARGET
3DHST_2614,189.2706604,62.14481735,6,TARGET
3DHST_2652,189.14909363,62.14508438,6,TARGET
3DHST_2695,189.23382568,62.14584732,6,TARGET
3DHST_2724,189.0614624,62.14563751,6,TARGET
3DHST_2729,189.29182434,62.14573288,6,TARGET
3DHST_2773,189.15611267,62.1460495,6,TARGET
3DHST_2822,189.16481018,62.14640808,6,TARGET
3DHST_2834,189.16635132,62.14682007,6,TARGET
3DHST_2842,189.19866943,62.14683533,6,TARGET
3DHST_2852,189.15052795,62.14670563,6,TARGET
3DHST_2942,189.29109192,62.14735031,6,TARGET
3DHST_2950,188.99775696,62.14721298,6,TARGET
3DHST_2983,189.08139038,62.14751434,6,TARGET
3DHST_2989,189.09703064,62.14758301,6,TARGET
3DHST_3023,189.08076477,62.14813232,6,TARGET
3DHST_3065,189.02149963,62.14808655,6,TARGET
3DHST_3076,188.98908997,62.14820862,6,TARGET
3DHST_3103,189.28131104,62.14857101,6,TARGET
3DHST_3185,189.14967346,62.14920044,6,TARGET
3DHST_3207,189.17259216,62.14932632,6,TARGET
3DHST_3224,189.08276367,62.14938354,6,TARGET
3DHST_3258,189.10365295,62.15028763,6,TARGET
3DHST_3261,189.09999084,62.14974213,6,TARGET
3DHST_3352,189.17425537,62.1505661,6,TARGET
3DHST_3370,189.17538452,62.15058136,6,TARGET
3DHST_3379,189.20506287,62.15083313,6,TARGET
3DHST_3398,189.12420654,62.15096664,6,TARGET
3DHST_3403,189.01603699,62.15073395,6,TARGET
3DHST_3420,189.25183105,62.15109634,6,TARGET
3DHST_3463,189.29972839,62.15177155,6,TARGET
3DHST_3479,189.06152344,62.15126419,6,TARGET
3DHST_3487,189.07385254,62.15156555,6,TARGET
3DHST_3499,189.20115662,62.15171814,6,TARGET
3DHST_3526,189.01045227,62.15155029,6,TARGET
3DHST_3533,189.16546631,62.15180206,6,TARGET
3DHST_3545,189.06982422,62.15184021,6,TARGET
3DHST_3569,189.16111755,62.15212631,6,TARGET
3DHST_3574,189.26068115,62.15215302,6,TARGET
3DHST_3576,189.20037842,62.15221405,6,TARGET
3DHST_3649,189.18225098,62.15283585,6,TARGET
3DHST_3650,189.16464233,62.15312195,6,TARGET
3DHST_3702,189.12651062,62.15316772,6,TARGET
3DHST_3710,189.27049255,62.15323257,6,TARGET
3DHST_3788,189.30812073,62.15397644,6,TARGET
3DHST_3798,189.2592926,62.15409088,6,TARGET
3DHST_3845,189.0508728,62.15419769,6,TARGET
3DHST_3872,189.12452698,62.15454865,6,TARGET
3DHST_3902,189.22123718,62.15479279,6,TARGET
3DHST_3907,189.08790588,62.15485764,6,TARGET
3DHST_3941,189.08178711,62.15516663,6,TARGET
3DHST_3947,189.00039673,62.15501785,6,TARGET
3DHST_3958,189.00552368,62.15516663,6,TARGET
3DHST_3965,189.09628296,62.15541458,6,TARGET
3DHST_3967,189.29486084,62.1552887,6,TARGET
3DHST_3969,189.26255798,62.15555954,6,TARGET
3DHST_4008,189.04792786,62.1554985,6,TARGET
3DHST_4010,189.00143433,62.15540314,6,TARGET
3DHST_4028,189.15026855,62.15569687,6,TARGET
3DHST_4044,189.00370789,62.15565872,6,TARGET
3DHST_4052,189.06155396,62.15592957,6,TARGET
3DHST_4118,189.00048828,62.15628433,6,TARGET
3DHST_4120,189.20843506,62.15649414,6,TARGET
3DHST_4131,189.30648804,62.15652084,6,TARGET
3DHST_4251,189.05654907,62.15738678,6,TARGET
3DHST_4310,189.04164124,62.15779114,6,TARGET
3DHST_4332,189.10520935,62.1580162,6,TARGET
3DHST_4348,189.00054932,62.15794373,6,TARGET
3DHST_4356,189.13822937,62.1581955,6,TARGET
3DHST_4411,189.15792847,62.1586113,6,TARGET
3DHST_4420,188.98779297,62.158638,6,TARGET
3DHST_4425,189.30470276,62.15880585,6,TARGET
3DHST_4441,189.26620483,62.15897369,6,TARGET
3DHST_4469,189.21595764,62.1592865,6,TARGET
3DHST_4492,189.13725281,62.15970993,6,TARGET
3DHST_4527,189.01792908,62.15950012,6,TARGET
3DHST_4612,189.06373596,62.16011429,6,TARGET
3DHST_4645,189.10798645,62.16042328,6,TARGET
3DHST_4650,189.070755,62.16038895,6,TARGET
3DHST_4656,189.06376648,62.16029739,6,TARGET
3DHST_4735,189.0526123,62.1611824,6,TARGET
3DHST_4809,189.27586365,62.16165543,6,TARGET
3DHST_4860,189.0168457,62.1616478,6,TARGET
3DHST_4914,189.21798706,62.16228104,6,TARGET
3DHST_4963,189.02992249,62.16241837,6,TARGET
3DHST_4968,189.00471497,62.16244125,6,TARGET
3DHST_5054,189.29107666,62.16392136,6,TARGET
3DHST_5103,189.14807129,62.16397858,6,TARGET
3DHST_5127,189.27468872,62.16423035,6,TARGET
3DHST_5147,188.9962616,62.1637001,6,TARGET
3DHST_5168,189.14859009,62.16399002,6,TARGET
3DHST_5177,189.26333618,62.16417313,6,TARGET
3DHST_5183,189.03219604,62.16397476,6,TARGET
3DHST_5297,189.09664917,62.16490936,6,TARGET
3DHST_5313,189.09007263,62.16511154,6,TARGET
3DHST_5383,189.22691345,62.16593933,6,TARGET
3DHST_5426,189.06474304,62.16589737,6,TARGET
3DHST_5444,189.29872131,62.16607666,6,TARGET
3DHST_5447,189.25196838,62.16717529,6,TARGET
3DHST_5474,189.0272522,62.16641998,6,TARGET
3DHST_5504,189.00064087,62.16618347,6,TARGET
3DHST_5520,189.3134613,62.16672897,6,TARGET
3DHST_5539,189.07095337,62.16665268,6,TARGET
3DHST_5559,188.99165344,62.16663361,6,TARGET
3DHST_5565,189.04446411,62.16692352,6,TARGET
3DHST_5574,189.02615356,62.16685486,6,TARGET
3DHST_5610,189.30052185,62.16760254,6,TARGET
3DHST_5619,189.14282227,62.16727829,6,TARGET
3DHST_5662,189.24000549,62.16791916,6,TARGET
3DHST_5666,189.27514648,62.16768646,6,TARGET
3DHST_5689,189.23144531,62.1681633,6,TARGET
3DHST_5700,189.01818848,62.16772842,6,TARGET
3DHST_5715,189.11587524,62.1681633,6,TARGET
3DHST_5786,189.03164673,62.16834259,6,TARGET
3DHST_5833,189.17648315,62.16888428,6,TARGET
3DHST_5836,189.16748047,62.16916275,6,TARGET
3DHST_5884,189.02252197,62.16917801,6,TARGET
3DHST_5885,189.10757446,62.16917038,6,TARGET
3DHST_5909,189.10568237,62.16926575,6,TARGET
3DHST_5922,189.29725647,62.16965485,6,TARGET
3DHST_5927,189.00714111,62.16932297,6,TARGET
3DHST_5935,189.33287048,62.16949081,6,TARGET
3DHST_5937,189.27932739,62.16966248,6,TARGET
3DHST_5939,189.02116394,62.1695137,6,TARGET
3DHST_5994,189.20370483,62.17033005,6,TARGET
3DHST_6001,189.13946533,62.16987228,6,TARGET
3DHST_6004,189.25296021,62.16994858,6,TARGET
3DHST_6008,189.25404358,62.17016983,6,TARGET
3DHST_6018,189.13615417,62.17004013,6,TARGET
3DHST_6022,189.29812622,62.17011261,6,TARGET
3DHST_6096,189.13012695,62.17056656,6,TARGET
3DHST_6104,189.01698303,62.17077255,6,TARGET
3DHST_6115,189.29206848,62.17076492,6,TARGET
3DHST_6119,189.03916931,62.17063522,6,TARGET
3DHST_6125,189.02685547,62.17072296,6,TARGET
3DHST_6158,189.15957642,62.17149353,6,TARGET
3DHST_6163,189.13739014,62.17102051,6,TARGET
3DHST_6168,189.0512085,62.17100525,6,TARGET
3DHST_6192,189.31526184,62.17116547,6,TARGET
3DHST_6197,189.21282959,62.17123032,6,TARGET
3DHST_6212,189.0174408,62.17119598,6,TARGET
3DHST_6237,189.00334167,62.17207336,6,TARGET
3DHST_6262,188.9744873,62.17141342,6,TARGET
3DHST_6266,189.0393219,62.17151642,6,TARGET
3DHST_6279,189.13697815,62.17170715,6,TARGET
3DHST_6281,189.28604126,62.17193604,6,TARGET
3DHST_6338,189.16921997,62.17214203,6,TARGET
3DHST_6339,189.09611511,62.17201614,6,TARGET
3DHST_6341,189.13270569,62.17224884,6,TARGET
3DHST_6358,189.18058777,62.17219925,6,TARGET
3DHST_6419,189.17167664,62.17287445,6,TARGET
3DHST_6495,189.11218262,62.17324448,6,TARGET
3DHST_6537,188.99572754,62.17338181,6,TARGET
3DHST_6601,189.30583191,62.17386246,6,TARGET
3DHST_6630,189.14375305,62.17422867,6,TARGET
3DHST_6660,188.97775269,62.17411423,6,TARGET
3DHST_6663,188.98747253,62.17406464,6,TARGET
3DHST_6680,189.04804993,62.17424774,6,TARGET
3DHST_6712,189.15324402,62.1746521,6,TARGET
3DHST_6758,189.1965332,62.17492676,6,TARGET
3DHST_6767,189.25094604,62.17507935,6,TARGET
3DHST_6781,189.31990051,62.17496109,6,TARGET
3DHST_6794,189.01515198,62.17510605,6,TARGET
3DHST_6803,189.06307983,62.17507935,6,TARGET
3DHST_7009,189.30758667,62.17712402,6,TARGET
3DHST_7020,189.32785034,62.17638779,6,TARGET
3DHST_7037,189.16751099,62.17665482,6,TARGET
3DHST_7068,189.03852844,62.17672729,6,TARGET
3DHST_7069,189.05914307,62.17678833,6,TARGET
3DHST_7088,189.01423645,62.17678452,6,TARGET
3DHST_7099,189.25221252,62.1771431,6,TARGET
3DHST_7103,188.99803162,62.17683411,6,TARGET
3DHST_7120,189.21975708,62.17718887,6,TARGET
3DHST_7134,189.00337219,62.17715836,6,TARGET
3DHST_7152,189.32603455,62.17741013,6,TARGET
3DHST_7165,189.01597595,62.17726135,6,TARGET
3DHST_7187,189.00128174,62.17730331,6,TARGET
3DHST_7194,189.32051086,62.17765427,6,TARGET
3DHST_7203,189.30577087,62.1775322,6,TARGET
3DHST_7217,189.01806641,62.17744064,6,TARGET
3DHST_7226,189.2984314,62.17758179,6,TARGET
3DHST_7230,189.01589966,62.17750168,6,TARGET
3DHST_7243,189.28556824,62.17760849,6,TARGET
3DHST_7257,188.99684143,62.17788315,6,TARGET
3DHST_7275,189.24598694,62.1781311,6,TARGET
3DHST_7302,189.29241943,62.17813873,6,TARGET
3DHST_7321,189.32757568,62.17852783,6,TARGET
3DHST_7348,189.11636353,62.17857742,6,TARGET
3DHST_7353,188.95758057,62.17835999,6,TARGET
3DHST_7361,189.24867249,62.17862701,6,TARGET
3DHST_7363,189.33143616,62.1787796,6,TARGET
3DHST_7381,188.98989868,62.17864227,6,TARGET
3DHST_7435,189.01547241,62.17849731,6,TARGET
3DHST_7544,189.32023621,62.17947769,6,TARGET
3DHST_7548,189.17242432,62.17980576,6,TARGET
3DHST_7613,189.22354126,62.18028259,6,TARGET
3DHST_7692,189.01049805,62.18051529,6,TARGET
3DHST_7698,189.1680603,62.18069839,6,TARGET
3DHST_7711,189.37226868,62.18072891,6,TARGET
3DHST_7740,189.34484863,62.1802597,6,TARGET
3DHST_7787,188.9475708,62.18085098,6,TARGET
3DHST_7801,189.16676331,62.18118286,6,TARGET
3DHST_7880,189.20452881,62.18135834,6,TARGET
3DHST_7889,189.27980042,62.18178558,6,TARGET
3DHST_7913,189.3369751,62.18188477,6,TARGET
3DHST_7920,189.22213745,62.1819191,6,TARGET
3DHST_7948,189.19813538,62.18203735,6,TARGET
3DHST_7992,189.07165527,62.18225098,6,TARGET
3DHST_8057,189.21984863,62.18271255,6,TARGET
3DHST_8112,189.17704773,62.18288422,6,TARGET
3DHST_8124,189.07113647,62.18293762,6,TARGET
3DHST_8152,188.94732666,62.18287277,6,TARGET
3DHST_8181,189.31025696,62.18315887,6,TARGET
3DHST_8188,189.20761108,62.18291855,6,TARGET
3DHST_8257,189.22805786,62.18342209,6,TARGET
3DHST_8268,188.9783783,62.18353653,6,TARGET
3DHST_8302,188.99613953,62.18333435,6,TARGET
3DHST_8310,189.16976929,62.18388748,6,TARGET
3DHST_8328,189.23506165,62.18407059,6,TARGET
3DHST_8373,189.32441711,62.18429947,6,TARGET
3DHST_8381,189.32762146,62.18429565,6,TARGET
3DHST_8387,189.01423645,62.18423843,6,TARGET
3DHST_8391,189.02455139,62.1836319,6,TARGET
3DHST_8395,189.16973877,62.18412399,6,TARGET
3DHST_8398,189.29840088,62.18391037,6,TARGET
3DHST_8422,188.96148682,62.18414307,6,TARGET
3DHST_8447,188.98519897,62.18434906,6,TARGET
3DHST_8493,188.95632935,62.18431091,6,TARGET
3DHST_8501,188.95588684,62.18414307,6,TARGET
3DHST_8550,189.18351746,62.18499756,6,TARGET
3DHST_8572,189.38711548,62.18508148,6,TARGET
3DHST_8577,189.22245789,62.18490982,6,TARGET
3DHST_8617,189.27630615,62.18549347,6,TARGET
3DHST_8624,189.3289032,62.18527985,6,TARGET
3DHST_8638,189.04144287,62.18557739,6,TARGET
3DHST_8661,189.18421936,62.18566513,6,TARGET
3DHST_8703,189.13868713,62.18529129,6,TARGET
3DHST_8709,189.20115662,62.18602753,6,TARGET
3DHST_8775,189.04411316,62.18621445,6,TARGET
3DHST_8813,189.21697998,62.18620682,6,TARGET
3DHST_8814,189.1415863,62.18629837,6,TARGET
3DHST_8837,189.15655518,62.18667984,6,TARGET
3DHST_8848,188.95402527,62.18638992,6,TARGET
3DHST_8852,189.03924561,62.18668747,6,TARGET
3DHST_8858,189.40562439,62.1865654,6,TARGET
3DHST_8880,189.30911255,62.18675995,6,TARGET
3DHST_8889,189.16940308,62.18702316,6,TARGET
3DHST_8905,189.20858765,62.18701553,6,TARGET
3DHST_8911,189.26472473,62.18709946,6,TARGET
3DHST_8921,189.16386414,62.18688965,6,TARGET
3DHST_8927,189.161026,62.18703461,6,TARGET
3DHST_8936,189.15667725,62.18686676,6,TARGET
3DHST_9003,189.18399048,62.18706512,6,TARGET
3DHST_9005,189.31364441,62.18704605,6,TARGET
3DHST_9006,189.14823914,62.18743896,6,TARGET
3DHST_9073,189.31491089,62.18783951,6,TARGET
3DHST_9103,189.13766479,62.18787384,6,TARGET
3DHST_9166,189.29957581,62.18793869,6,TARGET
3DHST_9187,189.1544342,62.18794632,6,TARGET
3DHST_9194,189.04405212,62.18832779,6,TARGET
3DHST_9201,188.98526001,62.18826675,6,TARGET
3DHST_9205,189.14743042,62.18843079,6,TARGET
3DHST_9212,188.99880981,62.18825912,6,TARGET
3DHST_9216,189.18731689,62.18766022,6,TARGET
3DHST_9220,188.99714661,62.18842697,6,TARGET
3DHST_9221,189.13899231,62.18854523,6,TARGET
3DHST_9226,189.15287781,62.188591,6,TARGET
3DHST_9244,189.27532959,62.188694,6,TARGET
3DHST_9253,189.3888092,62.18868256,6,TARGET
3DHST_9264,189.21313477,62.18814468,6,TARGET
3DHST_9330,189.00964355,62.18839645,6,TARGET
3DHST_9342,189.18019104,62.18881226,6,TARGET
3DHST_9368,189.14682007,62.18925858,6,TARGET
3DHST_9373,189.42280579,62.1891861,6,TARGET
3DHST_9379,189.01834106,62.18915558,6,TARGET
3DHST_9437,189.21035767,62.18960571,6,TARGET
3DHST_9455,189.00340271,62.1896286,6,TARGET
3DHST_9485,189.25041199,62.18981552,6,TARGET
3DHST_9497,189.20930481,62.18999863,6,TARGET
3DHST_9557,189.26512146,62.18943024,6,TARGET
3DHST_9561,189.12373352,62.19041061,6,TARGET
3DHST_9637,189.31138611,62.19043732,6,TARGET
3DHST_9639,189.18249512,62.19047546,6,TARGET
3DHST_9654,189.02304077,62.19073486,6,TARGET
3DHST_9665,189.33122253,62.19072342,6,TARGET
3DHST_9670,189.22193909,62.19079971,6,TARGET
3DHST_9680,189.30754089,62.19099808,6,TARGET
3DHST_9701,189.25247192,62.19095612,6,TARGET
3DHST_9710,189.34005737,62.19063187,6,TARGET
3DHST_9758,189.20973206,62.19147873,6,TARGET
3DHST_9767,189.28340149,62.19152451,6,TARGET
3DHST_9770,188.97984314,62.19132233,6,TARGET
3DHST_9839,189.03416443,62.19166946,6,TARGET
3DHST_9842,189.03755188,62.19153214,6,TARGET
3DHST_9845,189.26402283,62.19171143,6,TARGET
3DHST_9859,188.93533325,62.19153976,6,TARGET
3DHST_9865,189.23583984,62.19190598,6,TARGET
3DHST_9890,189.34158325,62.19174194,6,TARGET
3DHST_9894,189.07672119,62.19213867,6,TARGET
3DHST_9906,189.23408508,62.19208908,6,TARGET
3DHST_9929,189.13069153,62.19224548,6,TARGET
3DHST_9941,189.27389526,62.19179153,6,TARGET
3DHST_9946,189.26922607,62.19207764,6,TARGET
3DHST_9948,189.22903442,62.19179535,6,TARGET
3DHST_9965,188.95172119,62.19174957,6,TARGET
3DHST_10035,189.06863403,62.19219971,6,TARGET
3DHST_10054,189.12811279,62.1928215,6,TARGET
3DHST_10058,189.03759766,62.19275284,6,TARGET
3DHST_10064,188.99949646,62.19255447,6,TARGET
3DHST_10087,188.9664917,62.19277191,6,TARGET
3DHST_10096,189.06835938,62.1929245,6,TARGET
3DHST_10130,189.26249695,62.19314575,6,TARGET
3DHST_10131,189.00297546,62.19282532,6,TARGET
3DHST_10141,189.13320923,62.19317245,6,TARGET
3DHST_10148,189.26834106,62.19284439,6,TARGET
3DHST_10177,189.05406189,62.19324112,6,TARGET
3DHST_10195,189.27685547,62.1932106,6,TARGET
3DHST_10214,188.93824768,62.19283676,6,TARGET
3DHST_10269,189.14012146,62.19377899,6,TARGET
3DHST_10321,189.2519989,62.19368744,6,TARGET
3DHST_10376,189.22795105,62.19419479,6,TARGET
3DHST_10381,189.3596344,62.1942215,6,TARGET
3DHST_10404,189.33233643,62.19435883,6,TARGET
3DHST_10408,189.38175964,62.19430542,6,TARGET
3DHST_10413,189.11114502,62.19399643,6,TARGET
3DHST_10417,189.31729126,62.19409943,6,TARGET
3DHST_10431,189.11102295,62.1944809,6,TARGET
3DHST_10472,188.95050049,62.19440079,6,TARGET
3DHST_10490,188.92868042,62.19446182,6,TARGET
3DHST_10519,189.12265015,62.19486237,6,TARGET
3DHST_10525,189.04592896,62.1942482,6,TARGET
3DHST_10544,189.26597595,62.19504166,6,TARGET
3DHST_10554,189.24848938,62.19492722,6,TARGET
3DHST_10587,189.13565063,62.19527817,6,TARGET
3DHST_10589,189.19023132,62.19530869,6,TARGET
3DHST_10598,189.05938721,62.19523621,6,TARGET
3DHST_10617,188.92645264,62.19479752,6,TARGET
3DHST_10628,188.97399902,62.1950531,6,TARGET
3DHST_10671,188.91825867,62.1952095,6,TARGET
3DHST_10693,189.18008423,62.19573975,6,TARGET
3DHST_10736,188.98521423,62.19570541,6,TARGET
3DHST_10746,189.30786133,62.19576645,6,TARGET
3DHST_10784,189.18151855,62.19604111,6,TARGET
3DHST_10819,189.20126343,62.19639969,6,TARGET
3DHST_10830,189.17735291,62.19610977,6,TARGET
3DHST_10886,189.271698,62.19633865,6,TARGET
3DHST_10894,189.32992554,62.19644165,6,TARGET
3DHST_10926,189.2592926,62.19605637,6,TARGET
3DHST_10952,189.12434387,62.19694901,6,TARGET
3DHST_10978,189.2394104,62.19677353,6,TARGET
3DHST_10987,189.39024353,62.1965332,6,TARGET
3DHST_10993,189.31225586,62.19702911,6,TARGET
3DHST_10998,188.93928528,62.19674301,6,TARGET
3DHST_11015,189.35688782,62.19713974,6,TARGET
3DHST_11076,188.93313599,62.19726944,6,TARGET
3DHST_11208,189.30038452,62.19794464,6,TARGET
3DHST_11249,188.92074585,62.19803238,6,TARGET
3DHST_11289,189.0368042,62.19815826,6,TARGET
3DHST_11337,189.3427887,62.19873047,6,TARGET
3DHST_11346,189.21905518,62.19861221,6,TARGET
3DHST_11365,188.95298767,62.19841003,6,TARGET
3DHST_11378,189.39881897,62.19863892,6,TARGET
3DHST_11383,189.38742065,62.19890976,6,TARGET
3DHST_11411,189.06864929,62.19906235,6,TARGET
3DHST_11435,188.92967224,62.19887161,6,TARGET
3DHST_11443,189.22807312,62.19840622,6,TARGET
3DHST_11510,189.10343933,62.19956207,6,TARGET
3DHST_11528,189.39054871,62.19953918,6,TARGET
3DHST_11533,189.40592957,62.19945908,6,TARGET
3DHST_11544,188.99998474,62.19952393,6,TARGET
3DHST_11593,189.10215759,62.19946671,6,TARGET
3DHST_11598,189.00228882,62.19973755,6,TARGET
3DHST_11659,189.3276825,62.20025253,6,TARGET
3DHST_11687,188.94514465,62.20007324,6,TARGET
3DHST_11694,189.0489502,62.20035934,6,TARGET
3DHST_11701,189.17625427,62.20038223,6,TARGET
3DHST_11703,189.15690613,62.20022964,6,TARGET
3DHST_11727,189.32302856,62.20050812,6,TARGET
3DHST_11765,189.04685974,62.20068359,6,TARGET
3DHST_11769,189.20332336,62.20058823,6,TARGET
3DHST_11771,189.1504364,62.20063782,6,TARGET
3DHST_11792,189.33119202,62.20036316,6,TARGET
3DHST_11837,189.19798279,62.20071411,6,TARGET
3DHST_11853,189.15678406,62.20105362,6,TARGET
3DHST_11856,189.16064453,62.20098114,6,TARGET
3DHST_11864,188.92997742,62.20089722,6,TARGET
3DHST_11872,189.20243835,62.20110321,6,TARGET
3DHST_11883,189.15202332,62.20081711,6,TARGET
3DHST_11887,189.38067627,62.20101547,6,TARGET
3DHST_11910,189.0684967,62.20136642,6,TARGET
3DHST_11931,189.332901,62.20125198,6,TARGET
3DHST_11940,189.08001709,62.20154953,6,TARGET
3DHST_11949,189.17192078,62.20142746,6,TARGET
3DHST_11977,189.36221313,62.20157242,6,TARGET
3DHST_12014,189.04301453,62.20180893,6,TARGET
3DHST_12018,189.37063599,62.20149994,6,TARGET
3DHST_12040,189.37667847,62.20202637,6,TARGET
3DHST_12052,189.37507629,62.20199966,6,TARGET
3DHST_12059,189.38856506,62.20203018,6,TARGET
3DHST_12080,189.04678345,62.2021904,6,TARGET
3DHST_12085,189.31947327,62.20214081,6,TARGET
3DHST_12140,189.29707336,62.2025528,6,TARGET
3DHST_12176,189.03262329,62.20271301,6,TARGET
3DHST_12179,189.24890137,62.20278931,6,TARGET
3DHST_12198,189.08673096,62.20291138,6,TARGET
3DHST_12201,189.29246521,62.20273972,6,TARGET
3DHST_12268,189.28115845,62.20339584,6,TARGET
3DHST_12276,189.09107971,62.20317841,6,TARGET
3DHST_12306,189.28211975,62.20343018,6,TARGET
3DHST_12378,189.26115417,62.20395279,6,TARGET
3DHST_12412,189.00906372,62.20365524,6,TARGET
3DHST_12429,189.24790955,62.20365524,6,TARGET
3DHST_12443,189.1174469,62.20421982,6,TARGET
3DHST_12462,189.09136963,62.20421219,6,TARGET
3DHST_12495,189.13439941,62.20441055,6,TARGET
3DHST_12504,189.28695679,62.20402145,6,TARGET
3DHST_12523,189.34625244,62.20373154,6,TARGET
3DHST_12529,189.27032471,62.2042923,6,TARGET
3DHST_12571,189.40286255,62.20473862,6,TARGET
3DHST_12605,188.96635437,62.20441818,6,TARGET
3DHST_12608,189.07717896,62.20492172,6,TARGET
3DHST_12623,189.3837738,62.20483017,6,TARGET
3DHST_12662,189.38034058,62.20520401,6,TARGET
3DHST_12696,189.24447632,62.20542526,6,TARGET
3DHST_12740,189.36294556,62.20556641,6,TARGET
3DHST_12769,189.12347412,62.20575714,6,TARGET
3DHST_12806,189.26417542,62.20591354,6,TARGET
3DHST_12817,189.41442871,62.20591354,6,TARGET
3DHST_12834,189.27397156,62.20602036,6,TARGET
3DHST_12856,189.40080261,62.20614243,6,TARGET
3DHST_12908,189.02919006,62.20635605,6,TARGET
3DHST_12927,189.22190857,62.20633316,6,TARGET
3DHST_12942,189.38322449,62.20648575,6,TARGET
3DHST_13023,189.01153564,62.20682144,6,TARGET
3DHST_13060,189.27053833,62.20700073,6,TARGET
3DHST_13093,189.12445068,62.20645523,6,TARGET
3DHST_13110,189.15292358,62.20730972,6,TARGET
3DHST_13179,189.08106995,62.20738983,6,TARGET
3DHST_13218,189.17626953,62.20769882,6,TARGET
3DHST_13269,189.35081482,62.20776367,6,TARGET
3DHST_13278,189.33111572,62.20812225,6,TARGET
3DHST_13287,189.38778687,62.20811081,6,TARGET
3DHST_13296,189.17974854,62.20780945,6,TARGET
3DHST_13300,189.17021179,62.20811844,6,TARGET
3DHST_13357,188.98532104,62.20830536,6,TARGET
3DHST_13363,189.32362366,62.20840836,6,TARGET
3DHST_13371,188.97370911,62.20785141,6,TARGET
3DHST_13377,189.3346405,62.20847702,6,TARGET
3DHST_13441,189.03674316,62.20890045,6,TARGET
3DHST_13444,189.30941772,62.20863342,6,TARGET
3DHST_13563,189.19281006,62.20930481,6,TARGET
3DHST_13589,189.16087341,62.20940399,6,TARGET
3DHST_13666,189.09997559,62.21004486,6,TARGET
3DHST_13668,189.06074524,62.20982742,6,TARGET
3DHST_13696,189.07211304,62.21013641,6,TARGET
3DHST_13758,189.37471008,62.21042633,6,TARGET
3DHST_13816,189.24511719,62.21078873,6,TARGET
3DHST_13823,189.34603882,62.21024704,6,TARGET
3DHST_13852,189.39108276,62.21086884,6,TARGET
3DHST_13864,189.19146729,62.21064377,6,TARGET
3DHST_13866,189.31184387,62.21081161,6,TARGET
3DHST_13881,188.98872375,62.2107811,6,TARGET
3DHST_13907,189.27163696,62.21040726,6,TARGET
3DHST_13934,189.11994934,62.21095276,6,TARGET
3DHST_13950,189.38552856,62.21127319,6,TARGET
3DHST_13995,189.25485229,62.21126938,6,TARGET
3DHST_14026,189.03614807,62.21148682,6,TARGET
3DHST_14042,189.35516357,62.21172333,6,TARGET
3DHST_14087,189.01399231,62.21186447,6,TARGET
3DHST_14185,189.43722534,62.21206665,6,TARGET
3DHST_14248,189.23008728,62.21268463,6,TARGET
3DHST_14265,188.97502136,62.21223831,6,TARGET
3DHST_14289,189.36260986,62.21274948,6,TARGET
3DHST_14393,189.22781372,62.21323395,6,TARGET
3DHST_14409,189.06864929,62.21274185,6,TARGET
3DHST_14454,189.0587616,62.2130127,6,TARGET
3DHST_14463,189.09353638,62.21356201,6,TARGET
3DHST_14492,189.21769714,62.21373367,6,TARGET
3DHST_14515,189.15081787,62.21339035,6,TARGET
3DHST_14540,189.41271973,62.21387482,6,TARGET
3DHST_14564,189.24951172,62.21411514,6,TARGET
3DHST_14582,189.13206482,62.21368027,6,TARGET
3DHST_14679,189.36071777,62.2145195,6,TARGET
3DHST_14707,189.29112244,62.21456146,6,TARGET
3DHST_14720,189.38650513,62.21456528,6,TARGET
3DHST_14738,189.16435242,62.21430588,6,TARGET
3DHST_14820,189.05709839,62.21476364,6,TARGET
3DHST_14830,189.20622253,62.21534729,6,TARGET
3DHST_14885,189.29818726,62.2154541,6,TARGET
3DHST_14888,189.19387817,62.2153511,6,TARGET
3DHST_14930,189.16804504,62.21585083,6,TARGET
3DHST_14966,189.05084229,62.21538925,6,TARGET
3DHST_14973,189.28155518,62.21604156,6,TARGET
3DHST_15013,189.00926208,62.21590042,6,TARGET
3DHST_15068,189.41744995,62.21633148,6,TARGET
3DHST_15108,189.34417725,62.21639252,6,TARGET
3DHST_15138,189.22821045,62.21621323,6,TARGET
3DHST_15144,189.15046692,62.21643448,6,TARGET
3DHST_15155,189.32723999,62.21657562,6,TARGET
3DHST_15212,189.2311554,62.21695709,6,TARGET
3DHST_15234,189.25294495,62.21724319,6,TARGET
3DHST_15249,189.28985596,62.21737289,6,TARGET
3DHST_15321,189.42398071,62.21755981,6,TARGET
3DHST_15323,189.31039429,62.21776581,6,TARGET
3DHST_15324,189.36155701,62.21775055,6,TARGET
3DHST_15357,188.96118164,62.21778107,6,TARGET
3DHST_15368,189.4183197,62.21792603,6,TARGET
3DHST_15382,189.29338074,62.21789932,6,TARGET
3DHST_15385,189.09735107,62.21803665,6,TARGET
3DHST_15386,189.2019043,62.21804047,6,TARGET
3DHST_15389,189.09518433,62.21805191,6,TARGET
3DHST_15395,189.22917175,62.21804047,6,TARGET
3DHST_15505,189.43345642,62.21875763,6,TARGET
3DHST_15546,189.31999207,62.21866226,6,TARGET
3DHST_15563,188.95074463,62.21890259,6,TARGET
3DHST_15632,189.32389832,62.21950912,6,TARGET
3DHST_15639,189.20278931,62.2196579,6,TARGET
3DHST_15702,189.20429993,62.21939087,6,TARGET
3DHST_15742,189.42193604,62.21998978,6,TARGET
3DHST_15752,189.04832458,62.21982956,6,TARGET
3DHST_15769,189.20903015,62.22030258,6,TARGET
3DHST_15820,189.14491272,62.22032547,6,TARGET
3DHST_15869,189.14730835,62.22068024,6,TARGET
3DHST_15906,189.01365662,62.22053909,6,TARGET
3DHST_15927,189.13696289,62.22086334,6,TARGET
3DHST_15941,189.42198181,62.22091675,6,TARGET
3DHST_15949,189.14704895,62.22114944,6,TARGET
3DHST_15983,189.42300415,62.2211113,6,TARGET
3DHST_16000,189.06288147,62.22131729,6,TARGET
3DHST_16027,189.36399841,62.22145844,6,TARGET
3DHST_16032,189.03587341,62.22141266,6,TARGET
3DHST_16047,189.33943176,62.22157288,6,TARGET
3DHST_16071,189.41166687,62.2216568,6,TARGET
3DHST_16104,189.3107605,62.22193909,6,TARGET
3DHST_16125,189.01652527,62.22191238,6,TARGET
3DHST_16143,189.34843445,62.2220993,6,TARGET
3DHST_16165,189.14463806,62.22227478,6,TARGET
3DHST_16169,189.00804138,62.22203064,6,TARGET
3DHST_16175,189.17965698,62.22164536,6,TARGET
3DHST_16190,189.33955383,62.22217178,6,TARGET
3DHST_16200,189.07199097,62.22229004,6,TARGET
3DHST_16223,189.12640381,62.22229767,6,TARGET
3DHST_16233,189.06608582,62.22210693,6,TARGET
3DHST_16234,189.05160522,62.22228241,6,TARGET
3DHST_16250,189.11196899,62.22264481,6,TARGET
3DHST_16280,189.24333191,62.22269058,6,TARGET
3DHST_16309,189.01322937,62.2228775,6,TARGET
3DHST_16323,189.42466736,62.22303009,6,TARGET
3DHST_16373,189.14468384,62.22327423,6,TARGET
3DHST_16377,189.35057068,62.22297287,6,TARGET
3DHST_16383,189.04226685,62.22293854,6,TARGET
3DHST_16391,189.11198425,62.22322845,6,TARGET
3DHST_16408,189.30911255,62.22331619,6,TARGET
3DHST_16421,189.00375366,62.22354126,6,TARGET
3DHST_16476,188.95045471,62.22373962,6,TARGET
3DHST_16505,189.24638367,62.22402954,6,TARGET
3DHST_16524,189.04759216,62.22365189,6,TARGET
3DHST_16576,189.04794312,62.22400665,6,TARGET
3DHST_16577,189.34213257,62.22420502,6,TARGET
3DHST_16598,189.20310974,62.22445297,6,TARGET
3DHST_16645,188.95037842,62.22445297,6,TARGET
3DHST_16687,189.15344238,62.22485352,6,TARGET
3DHST_16741,189.00762939,62.22501373,6,TARGET
3DHST_16765,189.40965271,62.22470856,6,TARGET
3DHST_16809,188.99505615,62.22509766,6,TARGET
3DHST_16815,189.40422058,62.2256012,6,TARGET
3DHST_16870,189.35745239,62.22573471,6,TARGET
3DHST_16888,189.38674927,62.22553635,6,TARGET
3DHST_16913,189.02377319,62.2259407,6,TARGET
3DHST_16936,189.40710449,62.22515488,6,TARGET
3DHST_16937,189.19607544,62.22584534,6,TARGET
3DHST_16941,189.1081543,62.225914,6,TARGET
3DHST_16958,189.1680603,62.22613907,6,TARGET
3DHST_16997,189.22761536,62.22605896,6,TARGET
3DHST_17031,189.35395813,62.22614288,6,TARGET
3DHST_17054,189.18235779,62.22661591,6,TARGET
3DHST_17060,189.39439392,62.22653961,6,TARGET
3DHST_17073,189.19277954,62.22597122,6,TARGET
3DHST_17101,189.31071472,62.22675323,6,TARGET
3DHST_17116,189.23379517,62.22660446,6,TARGET
3DHST_17123,189.00520325,62.22589493,6,TARGET
3DHST_17130,188.95974731,62.22674561,6,TARGET
3DHST_17131,189.15101624,62.22690201,6,TARGET
3DHST_17144,189.40621948,62.22663498,6,TARGET
3DHST_17162,189.09117126,62.22669601,6,TARGET
3DHST_17197,188.96908569,62.22707748,6,TARGET
3DHST_17241,189.28335571,62.22729874,6,TARGET
3DHST_17267,188.99674988,62.22745514,6,TARGET
3DHST_17302,189.31484985,62.22754669,6,TARGET
3DHST_17313,189.11343384,62.22765732,6,TARGET
3DHST_17336,189.29605103,62.22804642,6,TARGET
3DHST_17345,189.2374115,62.22812653,6,TARGET
3DHST_17368,189.39569092,62.22815323,6,TARGET
3DHST_17429,189.41793823,62.22848511,6,TARGET
3DHST_17446,189.1552887,62.22842789,6,TARGET
3DHST_17493,189.12762451,62.22893524,6,TARGET
3DHST_17506,189.33013916,62.22852325,6,TARGET
3DHST_17558,188.99916077,62.22893906,6,TARGET
3DHST_17577,189.23703003,62.22919083,6,TARGET
3DHST_17588,189.38040161,62.22933197,6,TARGET
3DHST_17589,189.20010376,62.22864532,6,TARGET
3DHST_17591,189.08361816,62.22900009,6,TARGET
3DHST_17741,188.98519897,62.22953033,6,TARGET
3DHST_17773,189.17558289,62.23009872,6,TARGET
3DHST_17799,189.23231506,62.23023605,6,TARGET
3DHST_17806,189.18518066,62.23044968,6,TARGET
3DHST_17820,189.09793091,62.23020554,6,TARGET
3DHST_17840,189.30155945,62.23051834,6,TARGET
3DHST_17848,188.94642639,62.23028946,6,TARGET
3DHST_17853,189.42883301,62.23045731,6,TARGET
3DHST_17891,189.26280212,62.23060608,6,TARGET
3DHST_17905,189.37841797,62.23069763,6,TARGET
3DHST_17953,188.99586487,62.23094559,6,TARGET
3DHST_17964,189.37765503,62.23118973,6,TARGET
3DHST_18084,189.36943054,62.23168945,6,TARGET
3DHST_18117,189.17527771,62.23197937,6,TARGET
3DHST_18123,189.18989563,62.23199081,6,TARGET
3DHST_18126,189.05332947,62.23189163,6,TARGET
3DHST_18138,188.95126343,62.23178482,6,TARGET
3DHST_18160,189.32064819,62.23208618,6,TARGET
3DHST_18175,189.20713806,62.23217773,6,TARGET
3DHST_18189,189.40666199,62.23198318,6,TARGET
3DHST_18191,188.99047852,62.23166656,6,TARGET
3DHST_18261,189.16386414,62.23258972,6,TARGET
3DHST_18270,189.1806488,62.23263931,6,TARGET
3DHST_18273,189.39881897,62.23245621,6,TARGET
3DHST_18322,189.23635864,62.23289871,6,TARGET
3DHST_18348,189.15354919,62.23298645,6,TARGET
3DHST_18372,189.40161133,62.23272324,6,TARGET
3DHST_18412,189.17352295,62.23324585,6,TARGET
3DHST_18481,189.23609924,62.23344421,6,TARGET
3DHST_18503,188.99617004,62.23353577,6,TARGET
3DHST_18567,188.97271729,62.23381424,6,TARGET
3DHST_18605,189.42677307,62.2338829,6,TARGET
3DHST_18622,189.19615173,62.23422241,6,TARGET
3DHST_18681,189.07406616,62.23435974,6,TARGET
3DHST_18775,189.26928711,62.23458481,6,TARGET
3DHST_18799,189.19004822,62.23487854,6,TARGET
3DHST_18839,188.99324036,62.2348175,6,TARGET
3DHST_18868,189.19845581,62.23496628,6,TARGET
3DHST_18948,189.41203308,62.23537064,6,TARGET
3DHST_18958,189.17935181,62.2356987,6,TARGET
3DHST_18973,189.12483215,62.23564529,6,TARGET
3DHST_18987,189.17250061,62.23575211,6,TARGET
3DHST_19025,188.94619751,62.23558426,6,TARGET
3DHST_19060,189.31399536,62.23619843,6,TARGET
3DHST_19105,189.34298706,62.23620605,6,TARGET
3DHST_19112,189.19088745,62.23624802,6,TARGET
3DHST_19119,189.34370422,62.23644638,6,TARGET
3DHST_19121,189.43911743,62.23639679,6,TARGET
3DHST_19131,189.08103943,62.23635864,6,TARGET
3DHST_19147,188.94902039,62.2363739,6,TARGET
3DHST_19189,189.17706299,62.23685074,6,TARGET
3DHST_19251,189.18847656,62.23715973,6,TARGET
3DHST_19281,188.97857666,62.23689651,6,TARGET
3DHST_19285,188.96884155,62.23711014,6,TARGET
3DHST_19328,189.34640503,62.23745346,6,TARGET
3DHST_19358,189.16053772,62.2371254,6,TARGET
3DHST_19365,189.21887207,62.23744202,6,TARGET
3DHST_19368,189.1408844,62.23754501,6,TARGET
3DHST_19374,189.19432068,62.23756027,6,TARGET
3DHST_19405,189.01782227,62.23765564,6,TARGET
3DHST_19453,189.20980835,62.23760986,6,TARGET
3DHST_19482,189.37704468,62.23787308,6,TARGET
3DHST_19553,189.10469055,62.23819733,6,TARGET
3DHST_19602,189.40248108,62.23865509,6,TARGET
3DHST_19616,189.36987305,62.23836136,6,TARGET
3DHST_19661,188.94915771,62.23818588,6,TARGET
3DHST_19668,189.38337708,62.23889923,6,TARGET
3DHST_19682,189.4188385,62.23885345,6,TARGET
3DHST_19690,189.2644043,62.23916626,6,TARGET
3DHST_19697,189.37626648,62.23882675,6,TARGET
3DHST_19709,189.01271057,62.23886871,6,TARGET
3DHST_19713,189.31065369,62.23900223,6,TARGET
3DHST_19768,189.37190247,62.23925018,6,TARGET
3DHST_19785,189.39971924,62.23949432,6,TARGET
3DHST_19968,189.25491333,62.24029541,6,TARGET
3DHST_19986,189.17495728,62.24073029,6,TARGET
3DHST_19989,189.33135986,62.24063492,6,TARGET
3DHST_20116,189.25019836,62.24141312,6,TARGET
3DHST_20119,189.45956421,62.24124527,6,TARGET
3DHST_20146,189.01269531,62.24131775,6,TARGET
3DHST_20170,189.46141052,62.24149704,6,TARGET
3DHST_20191,189.38090515,62.24165344,6,TARGET
3DHST_20205,189.33900452,62.24183655,6,TARGET
3DHST_20208,189.25257874,62.2417717,6,TARGET
3DHST_20214,189.40852356,62.24163818,6,TARGET
3DHST_20242,189.00785828,62.24185562,6,TARGET
3DHST_20252,189.18406677,62.24172592,6,TARGET
3DHST_20278,189.09745789,62.2421875,6,TARGET
3DHST_20347,189.25498962,62.24189377,6,TARGET
3DHST_20397,189.41091919,62.24238968,6,TARGET
3DHST_20418,189.10273743,62.24281311,6,TARGET
3DHST_20427,189.1673584,62.24229431,6,TARGET
3DHST_20547,189.20870972,62.24338531,6,TARGET
3DHST_20602,189.3104248,62.2433815,6,TARGET
3DHST_20613,189.02748108,62.24354172,6,TARGET
3DHST_20637,189.3157196,62.24339294,6,TARGET
3DHST_20639,189.18215942,62.24361801,6,TARGET
3DHST_20642,189.34109497,62.24345779,6,TARGET
3DHST_20691,189.4446106,62.24375916,6,TARGET
3DHST_20696,189.34461975,62.24398422,6,TARGET
3DHST_20697,189.33094788,62.24401855,6,TARGET
3DHST_20704,189.26742554,62.24425888,6,TARGET
3DHST_20706,189.43865967,62.24410629,6,TARGET
3DHST_20740,189.11949158,62.24417496,6,TARGET
3DHST_20828,189.07725525,62.24466324,6,TARGET
3DHST_20839,188.99215698,62.2446785,6,TARGET
3DHST_20884,189.12150574,62.24458694,6,TARGET
3DHST_20929,189.15846252,62.2447319,6,TARGET
3DHST_20957,189.29730225,62.24552536,6,TARGET
3DHST_20981,189.10148621,62.2453537,6,TARGET
3DHST_20992,189.06072998,62.24526978,6,TARGET
3DHST_20999,189.32426453,62.24556351,6,TARGET
3DHST_21030,189.25325012,62.24544525,6,TARGET
3DHST_21056,189.30732727,62.24575043,6,TARGET
3DHST_21114,189.14863586,62.24625015,6,TARGET
3DHST_21121,189.00192261,62.24609756,6,TARGET
3DHST_21140,189.1075592,62.24620819,6,TARGET
3DHST_21146,189.34439087,62.24623108,6,TARGET
3DHST_21159,189.20307922,62.24650574,6,TARGET
3DHST_21164,189.21257019,62.24651718,6,TARGET
3DHST_21174,189.35325623,62.24650574,6,TARGET
3DHST_21181,189.18264771,62.24645233,6,TARGET
3DHST_21216,189.3099823,62.24675369,6,TARGET
3DHST_21222,189.08178711,62.24668503,6,TARGET
3DHST_21242,189.38328552,62.24692535,6,TARGET
3DHST_21315,189.09703064,62.24697876,6,TARGET
3DHST_21344,189.09565735,62.24700165,6,TARGET
3DHST_21357,189.33647156,62.2473526,6,TARGET
3DHST_21382,189.27043152,62.24728012,6,TARGET
3DHST_21442,189.33731079,62.24784851,6,TARGET
3DHST_21469,189.41157532,62.24794388,6,TARGET
3DHST_21480,189.40136719,62.24806595,6,TARGET
3DHST_21505,189.420578,62.24818802,6,TARGET
3DHST_21508,188.98745728,62.2478714,6,TARGET
3DHST_21558,189.0750885,62.24785233,6,TARGET
3DHST_21561,189.43205261,62.24846268,6,TARGET
3DHST_21586,189.28993225,62.24840546,6,TARGET
3DHST_21592,189.22930908,62.24816132,6,TARGET
3DHST_21609,189.36811829,62.24806213,6,TARGET
3DHST_21611,189.16825867,62.24875641,6,TARGET
3DHST_21641,189.0914917,62.24891663,6,TARGET
3DHST_21644,189.28805542,62.24877548,6,TARGET
3DHST_21714,189.50109863,62.24920273,6,TARGET
3DHST_21725,189.30587769,62.24901199,6,TARGET
3DHST_21746,189.12588501,62.24936676,6,TARGET
3DHST_21752,189.12149048,62.24960327,6,TARGET
3DHST_21768,189.24378967,62.24952698,6,TARGET
3DHST_21788,189.38853455,62.2497139,6,TARGET
3DHST_21804,189.19476318,62.24957275,6,TARGET
3DHST_21809,189.07585144,62.24978638,6,TARGET
3DHST_21826,189.08526611,62.24980164,6,TARGET
3DHST_21864,189.17764282,62.24969864,6,TARGET
3DHST_21865,189.04644775,62.24991226,6,TARGET
3DHST_21867,189.46682739,62.24999237,6,TARGET
3DHST_21872,189.14263916,62.25016022,6,TARGET
3DHST_21910,189.41593933,62.25018692,6,TARGET
3DHST_21911,189.08564758,62.25019455,6,TARGET
3DHST_21914,189.37278748,62.25024796,6,TARGET
3DHST_21917,189.30587769,62.25030136,6,TARGET
3DHST_21920,189.19795227,62.2496109,6,TARGET
3DHST_21921,189.19288635,62.24983215,6,TARGET
3DHST_21927,189.07289124,62.25028229,6,TARGET
3DHST_21931,189.12384033,62.25034714,6,TARGET
3DHST_21951,189.34542847,62.25048065,6,TARGET
3DHST_21974,189.23942566,62.25048065,6,TARGET
3DHST_21993,189.08628845,62.24990463,6,TARGET
3DHST_22040,189.16696167,62.25063705,6,TARGET
3DHST_22052,188.99407959,62.25079346,6,TARGET
3DHST_22053,189.49285889,62.25074387,6,TARGET
3DHST_22068,189.17404175,62.25100327,6,TARGET
3DHST_22071,189.08889771,62.25099564,6,TARGET
3DHST_22079,189.04910278,62.25098038,6,TARGET
3DHST_22084,189.08239746,62.25045395,6,TARGET
3DHST_22121,189.44517517,62.25095749,6,TARGET
3DHST_22177,189.18086243,62.25123596,6,TARGET
3DHST_22187,189.22129822,62.25153351,6,TARGET
3DHST_22198,189.11265564,62.2515564,6,TARGET
3DHST_22228,189.0894165,62.25165558,6,TARGET
3DHST_22248,189.09178162,62.25138855,6,TARGET
3DHST_22261,189.34570312,62.25181961,6,TARGET
3DHST_22286,189.06593323,62.25185776,6,TARGET
3DHST_22318,189.36386108,62.25190353,6,TARGET
3DHST_22339,189.25149536,62.25213623,6,TARGET
3DHST_22348,189.09619141,62.2521286,6,TARGET
3DHST_22376,189.12605286,62.2521286,6,TARGET
3DHST_22400,189.05783081,62.25191879,6,TARGET
3DHST_22466,189.17472839,62.25242615,6,TARGET
3DHST_22469,189.16360474,62.25273514,6,TARGET
3DHST_22497,189.28385925,62.2527771,6,TARGET
3DHST_22546,189.17478943,62.25295639,6,TARGET
3DHST_22556,189.07493591,62.25308228,6,TARGET
3DHST_22589,189.27368164,62.2533989,6,TARGET
3DHST_22659,189.5063324,62.25339127,6,TARGET
3DHST_22680,189.27682495,62.25325775,6,TARGET
3DHST_22686,189.21537781,62.25323486,6,TARGET
3DHST_22733,189.28474426,62.25363922,6,TARGET
3DHST_22797,189.11470032,62.25400162,6,TARGET
3DHST_22822,189.40263367,62.25440216,6,TARGET
3DHST_22856,189.11135864,62.25466537,6,TARGET
3DHST_22861,189.06373596,62.25465393,6,TARGET
3DHST_22873,189.20146179,62.25378036,6,TARGET
3DHST_22918,189.05909729,62.25484848,6,TARGET
3DHST_22925,189.36608887,62.25427628,6,TARGET
3DHST_22930,189.33261108,62.25474167,6,TARGET
3DHST_22931,189.0592804,62.25431824,6,TARGET
3DHST_23046,189.35871887,62.25538254,6,TARGET
3DHST_23047,189.33248901,62.25537872,6,TARGET
3DHST_23083,189.02204895,62.25556564,6,TARGET
3DHST_23106,189.24313354,62.25576019,6,TARGET
3DHST_23211,189.10128784,62.256073,6,TARGET
3DHST_23215,189.39884949,62.25611115,6,TARGET
3DHST_23226,189.10398865,62.25640869,6,TARGET
3DHST_23229,188.99263,62.25628281,6,TARGET
3DHST_23268,189.20178223,62.25637054,6,TARGET
3DHST_23301,189.20576477,62.25637436,6,TARGET
3DHST_23349,189.25222778,62.25703812,6,TARGET
3DHST_23363,189.37380981,62.25704193,6,TARGET
3DHST_23419,189.30503845,62.25731659,6,TARGET
3DHST_23420,189.15304565,62.25699234,6,TARGET
3DHST_23438,189.15190125,62.25674057,6,TARGET
3DHST_23440,189.30128479,62.2571907,6,TARGET
3DHST_23473,189.29573059,62.2576561,6,TARGET
3DHST_23476,189.27383423,62.25740433,6,TARGET
3DHST_23495,189.40594482,62.25764847,6,TARGET
3DHST_23547,189.46244812,62.25770187,6,TARGET
3DHST_23556,189.07728577,62.25740051,6,TARGET
3DHST_23565,189.01322937,62.25788498,6,TARGET
3DHST_23574,189.04743958,62.25785065,6,TARGET
3DHST_23607,189.337677,62.2582016,6,TARGET
3DHST_23636,189.00228882,62.25827789,6,TARGET
3DHST_23642,189.24723816,62.25803757,6,TARGET
3DHST_23685,189.30438232,62.25859451,6,TARGET
3DHST_23702,189.00317383,62.25863266,6,TARGET
3DHST_23720,189.30912781,62.25888824,6,TARGET
3DHST_23739,189.29322815,62.25887299,6,TARGET
3DHST_23752,189.14247131,62.25902176,6,TARGET
3DHST_23778,189.29000854,62.25906372,6,TARGET
3DHST_23847,189.12992859,62.25941467,6,TARGET
3DHST_23848,189.40135193,62.25887299,6,TARGET
3DHST_23872,189.33218384,62.2587204,6,TARGET
3DHST_23901,189.34153748,62.25966644,6,TARGET
3DHST_23908,189.29774475,62.25945663,6,TARGET
3DHST_23958,189.17681885,62.25999832,6,TARGET
3DHST_23961,189.21563721,62.25979614,6,TARGET
3DHST_23965,189.33349609,62.25925446,6,TARGET
3DHST_23997,189.41777039,62.26006317,6,TARGET
3DHST_24035,189.20783997,62.26014709,6,TARGET
3DHST_24036,189.37866211,62.26002121,6,TARGET
3DHST_24043,189.16732788,62.26032639,6,TARGET
3DHST_24048,189.2822113,62.26040268,6,TARGET
3DHST_24050,189.3885498,62.2603035,6,TARGET
3DHST_24112,189.30735779,62.26039124,6,TARGET
3DHST_24123,189.29483032,62.26067352,6,TARGET
3DHST_24124,189.20672607,62.2606163,6,TARGET
3DHST_24188,189.32098389,62.26082611,6,TARGET
3DHST_24207,189.4223938,62.2610817,6,TARGET
3DHST_24255,189.52427673,62.2612114,6,TARGET
3DHST_24258,189.36453247,62.26136398,6,TARGET
3DHST_24286,189.3351593,62.26159286,6,TARGET
3DHST_24289,189.37612915,62.26153564,6,TARGET
3DHST_24317,189.17123413,62.26174927,6,TARGET
3DHST_24318,189.09172058,62.26169205,6,TARGET
3DHST_24319,189.53125,62.26130676,6,TARGET
3DHST_24350,189.40759277,62.2618103,6,TARGET
3DHST_24353,189.28742981,62.2616539,6,TARGET
3DHST_24386,189.33984375,62.26199341,6,TARGET
3DHST_24409,189.21205139,62.26211166,6,TARGET
3DHST_24460,188.99150085,62.26182938,6,TARGET
3DHST_24537,189.35728455,62.26238632,6,TARGET
3DHST_24539,189.17932129,62.26256943,6,TARGET
3DHST_24554,189.05955505,62.26257706,6,TARGET
3DHST_24577,189.30999756,62.26285934,6,TARGET
3DHST_24593,189.29768372,62.26285553,6,TARGET
3DHST_24613,189.20933533,62.2630806,6,TARGET
3DHST_24614,189.11082458,62.26294327,6,TARGET
3DHST_24648,189.13365173,62.26323318,6,TARGET
3DHST_24667,189.0958252,62.26326752,6,TARGET
3DHST_24688,189.09637451,62.26335144,6,TARGET
3DHST_24704,189.03118896,62.26350403,6,TARGET
3DHST_24726,189.16136169,62.26366043,6,TARGET
3DHST_24741,189.48350525,62.26358414,6,TARGET
3DHST_24748,189.2598114,62.2637558,6,TARGET
3DHST_24754,189.11546326,62.26376343,6,TARGET
3DHST_24757,189.22442627,62.26385498,6,TARGET
3DHST_24774,189.16067505,62.26390076,6,TARGET
3DHST_24826,189.18238831,62.26420975,6,TARGET
3DHST_24868,189.24650574,62.26421356,6,TARGET
3DHST_24886,189.20831299,62.26379013,6,TARGET
3DHST_24910,189.20555115,62.264534,6,TARGET
3DHST_24922,189.26210022,62.26441574,6,TARGET
3DHST_24934,189.12113953,62.26468277,6,TARGET
3DHST_24964,189.45091248,62.26466751,6,TARGET
3DHST_24969,189.26438904,62.26483917,6,TARGET
3DHST_25044,189.15652466,62.26472092,6,TARGET
3DHST_25096,189.32183838,62.26532745,6,TARGET
3DHST_25103,189.29406738,62.26537323,6,TARGET
3DHST_25164,189.34483337,62.26554871,6,TARGET
3DHST_25171,189.18045044,62.26557159,6,TARGET
3DHST_25198,189.17004395,62.265728,6,TARGET
3DHST_25202,189.32342529,62.26522827,6,TARGET
3DHST_25220,189.54075623,62.26547623,6,TARGET
3DHST_25232,189.20956421,62.26564026,6,TARGET
3DHST_25253,189.1688385,62.26583099,6,TARGET
3DHST_25261,189.52355957,62.26526642,6,TARGET
3DHST_25262,189.36836243,62.26593018,6,TARGET
3DHST_25274,189.20863342,62.26614761,6,TARGET
3DHST_25310,189.05429077,62.26622772,6,TARGET
3DHST_25333,189.37728882,62.2661438,6,TARGET
3DHST_25341,189.20222473,62.26625443,6,TARGET
3DHST_25372,189.38038635,62.26643753,6,TARGET
3DHST_25384,189.29589844,62.26602554,6,TARGET
3DHST_25423,189.50149536,62.26657867,6,TARGET
3DHST_25437,189.23435974,62.26637268,6,TARGET
3DHST_25443,189.17852783,62.26686096,6,TARGET
3DHST_25449,189.47673035,62.26676178,6,TARGET
3DHST_25452,189.477005,62.26679993,6,TARGET
3DHST_25463,189.35412598,62.26685333,6,TARGET
3DHST_25491,189.40960693,62.26686859,6,TARGET
3DHST_25522,189.13018799,62.26740646,6,TARGET
3DHST_25526,189.15904236,62.26715469,6,TARGET
3DHST_25563,189.37837219,62.2670784,6,TARGET
3DHST_25584,189.23338318,62.26748276,6,TARGET
3DHST_25597,189.11488342,62.26753998,6,TARGET
3DHST_25602,189.19200134,62.26766586,6,TARGET
3DHST_25613,189.53115845,62.26703262,6,TARGET
3DHST_25677,189.015625,62.26789856,6,TARGET
3DHST_25692,189.24464417,62.2681694,6,TARGET
3DHST_25797,189.27349854,62.26836014,6,TARGET
3DHST_25804,189.45614624,62.26847458,6,TARGET
3DHST_25811,189.19218445,62.26870728,6,TARGET
3DHST_25826,189.17167664,62.26879501,6,TARGET
3DHST_25830,189.19346619,62.26849747,6,TARGET
3DHST_25873,189.10905457,62.26906586,6,TARGET
3DHST_25880,189.12159729,62.26858521,6,TARGET
3DHST_25936,189.11381531,62.26919937,6,TARGET
3DHST_25945,189.45137024,62.2692337,6,TARGET
3DHST_25961,189.20901489,62.2694397,6,TARGET
3DHST_25971,189.28242493,62.26953506,6,TARGET
3DHST_25981,189.16223145,62.26947403,6,TARGET
3DHST_25984,189.05636597,62.26921082,6,TARGET
3DHST_25985,189.1178894,62.26948929,6,TARGET
3DHST_25992,189.05000305,62.26955414,6,TARGET
3DHST_26001,189.20846558,62.26958466,6,TARGET
3DHST_26087,189.47114563,62.26985168,6,TARGET
3DHST_26104,189.17437744,62.27002716,6,TARGET
3DHST_26106,189.19110107,62.2701149,6,TARGET
3DHST_26107,189.22540283,62.26995468,6,TARGET
3DHST_26111,189.11221313,62.2698555,6,TARGET
3DHST_26126,189.12588501,62.27001572,6,TARGET
3DHST_26137,189.25401306,62.2702713,6,TARGET
3DHST_26163,189.48274231,62.27009583,6,TARGET
3DHST_26176,189.33331299,62.27032089,6,TARGET
3DHST_26177,189.49020386,62.27024078,6,TARGET
3DHST_26178,189.13775635,62.2703476,6,TARGET
3DHST_26227,189.07818604,62.2701683,6,TARGET
3DHST_26235,189.21800232,62.27048111,6,TARGET
3DHST_26271,189.10997009,62.2706337,6,TARGET
3DHST_26289,189.31866455,62.27072525,6,TARGET
3DHST_26297,189.46984863,62.27035522,6,TARGET
3DHST_26319,189.27140808,62.27082443,6,TARGET
3DHST_26321,189.17434692,62.27095032,6,TARGET
3DHST_26325,189.33937073,62.27079773,6,TARGET
3DHST_26378,189.16090393,62.27128601,6,TARGET
3DHST_26409,189.0901947,62.27132797,6,TARGET
3DHST_26451,189.04728699,62.27155304,6,TARGET
3DHST_26453,189.21713257,62.27156067,6,TARGET
3DHST_26472,189.27249146,62.27157593,6,TARGET
3DHST_26490,189.25202942,62.27183533,6,TARGET
3DHST_26493,189.31568909,62.27158356,6,TARGET
3DHST_26503,189.16307068,62.27188492,6,TARGET
3DHST_26537,189.2505188,62.27267838,6,TARGET
3DHST_26589,189.48652649,62.27209854,6,TARGET
3DHST_26657,189.09275818,62.27254868,6,TARGET
3DHST_26721,189.11903381,62.27271271,6,TARGET
3DHST_26740,189.11676025,62.27275085,6,TARGET
3DHST_26766,189.48640442,62.27292633,6,TARGET
3DHST_26829,189.42375183,62.27309418,6,TARGET
3DHST_26873,189.26298523,62.27408981,6,TARGET
3DHST_26879,189.25039673,62.27398682,6,TARGET
3DHST_26918,189.08883667,62.27383041,6,TARGET
3DHST_26919,189.1116333,62.27428818,6,TARGET
3DHST_26941,189.09107971,62.27389145,6,TARGET
3DHST_26947,189.4312439,62.27385712,6,TARGET
3DHST_26958,189.114151,62.2739563,6,TARGET
3DHST_26968,189.38685608,62.27393341,6,TARGET
3DHST_27001,189.13072205,62.27410126,6,TARGET
3DHST_27022,189.49882507,62.27410126,6,TARGET
3DHST_27041,189.17466736,62.27437592,6,TARGET
3DHST_27058,189.25898743,62.27449036,6,TARGET
3DHST_27063,189.17251587,62.27457428,6,TARGET
3DHST_27069,189.08758545,62.27450943,6,TARGET
3DHST_27083,189.21368408,62.27457809,6,TARGET
3DHST_27088,189.462677,62.27450943,6,TARGET
3DHST_27096,189.11630249,62.27470779,6,TARGET
3DHST_27097,189.4727478,62.27456665,6,TARGET
3DHST_27102,189.18678284,62.2747345,6,TARGET
3DHST_27112,189.11987305,62.27474594,6,TARGET
3DHST_27121,189.38420105,62.27479935,6,TARGET
3DHST_27124,189.26304626,62.27495575,6,TARGET
3DHST_27128,189.14810181,62.27492523,6,TARGET
3DHST_27176,189.13929749,62.27513885,6,TARGET
3DHST_27219,189.16992188,62.27556229,6,TARGET
3DHST_27227,189.13926697,62.27552032,6,TARGET
3DHST_27238,189.33761597,62.27557373,6,TARGET
3DHST_27279,189.2086792,62.27571869,6,TARGET
3DHST_27296,189.1348114,62.27581024,6,TARGET
3DHST_27307,189.17636108,62.27597427,6,TARGET
3DHST_27319,189.4526062,62.27577972,6,TARGET
3DHST_27345,189.31987,62.27598953,6,TARGET
3DHST_27351,189.23960876,62.27611923,6,TARGET
3DHST_27358,189.3409729,62.27624512,6,TARGET
3DHST_27403,189.38046265,62.27636719,6,TARGET
3DHST_27423,189.27746582,62.27652359,6,TARGET
3DHST_27447,189.16937256,62.2766304,6,TARGET
3DHST_27464,189.32513428,62.27666473,6,TARGET
3DHST_27490,189.37576294,62.27675629,6,TARGET
3DHST_27494,189.46826172,62.27695084,6,TARGET
3DHST_27519,189.23924255,62.27721024,6,TARGET
3DHST_27575,189.44921875,62.27760696,6,TARGET
3DHST_27623,189.43113708,62.27726364,6,TARGET
3DHST_27667,189.17947388,62.27788544,6,TARGET
3DHST_27668,189.23739624,62.27819824,6,TARGET
3DHST_27676,189.25959778,62.27817154,6,TARGET
3DHST_27690,189.38612366,62.27763748,6,TARGET
3DHST_27768,189.3868866,62.27817917,6,TARGET
3DHST_27779,189.11549377,62.27830887,6,TARGET
3DHST_27784,189.3820343,62.27811432,6,TARGET
3DHST_27800,189.23016357,62.27843475,6,TARGET
3DHST_27806,189.52429199,62.2780304,6,TARGET
3DHST_27815,189.14230347,62.27851868,6,TARGET
3DHST_27820,189.45622253,62.27841568,6,TARGET
3DHST_27859,189.5378418,62.27828598,6,TARGET
3DHST_27874,189.2928009,62.27905655,6,TARGET
3DHST_27923,189.29971313,62.27913666,6,TARGET
3DHST_27965,189.43321228,62.27920151,6,TARGET
3DHST_27981,189.12957764,62.27960968,6,TARGET
3DHST_28035,189.26182556,62.27976227,6,TARGET
3DHST_28043,189.1459198,62.2799263,6,TARGET
3DHST_28054,189.16552734,62.2801857,6,TARGET
3DHST_28066,189.32165527,62.27988434,6,TARGET
3DHST_28105,189.16467285,62.28068542,6,TARGET
3DHST_28111,189.23010254,62.2803154,6,TARGET
3DHST_28163,189.17825317,62.28091812,6,TARGET
3DHST_28174,189.38331604,62.28047562,6,TARGET
3DHST_28199,189.25082397,62.28065872,6,TARGET
3DHST_28297,189.16191101,62.28134155,6,TARGET
3DHST_28326,189.12619019,62.2813797,6,TARGET
3DHST_28345,189.42021179,62.28124619,6,TARGET
3DHST_28363,189.28903198,62.28160095,6,TARGET
3DHST_28365,189.20378113,62.28181076,6,TARGET
3DHST_28412,189.25572205,62.28178787,6,TARGET
3DHST_28427,189.24412537,62.28180695,6,TARGET
3DHST_28439,189.07881165,62.28168869,6,TARGET
3DHST_28469,189.23551941,62.28194046,6,TARGET
3DHST_28523,189.2311554,62.28224182,6,TARGET
3DHST_28529,189.08518982,62.28233719,6,TARGET
3DHST_28548,189.32382202,62.28249741,6,TARGET
3DHST_28552,189.38874817,62.28264618,6,TARGET
3DHST_28564,189.25546265,62.28256226,6,TARGET
3DHST_28586,189.32545471,62.28258133,6,TARGET
3DHST_28632,189.19244385,62.28299713,6,TARGET
3DHST_28642,189.44975281,62.28279877,6,TARGET
3DHST_28652,189.16453552,62.28330231,6,TARGET
3DHST_28687,189.24726868,62.28332138,6,TARGET
3DHST_28692,189.1309967,62.28331757,6,TARGET
3DHST_28774,189.24822998,62.28377533,6,TARGET
3DHST_28778,189.12806702,62.28358841,6,TARGET
3DHST_28780,189.18545532,62.28396606,6,TARGET
3DHST_28790,189.15869141,62.28448486,6,TARGET
3DHST_28791,189.27355957,62.28383255,6,TARGET
3DHST_28825,189.36076355,62.28379822,6,TARGET
3DHST_28851,189.37815857,62.2842598,6,TARGET
3DHST_28854,189.47880554,62.28378296,6,TARGET
3DHST_28857,189.52671814,62.28414154,6,TARGET
3DHST_28871,189.38052368,62.28437042,6,TARGET
3DHST_28881,189.17453003,62.2845192,6,TARGET
3DHST_28887,189.3465271,62.28426361,6,TARGET
3DHST_28893,189.15463257,62.28490448,6,TARGET
3DHST_28913,189.2350769,62.28435898,6,TARGET
3DHST_28925,189.43991089,62.28437042,6,TARGET
3DHST_28984,189.41850281,62.28477478,6,TARGET
3DHST_28985,189.10998535,62.28475571,6,TARGET
3DHST_28986,189.50794983,62.28448868,6,TARGET
3DHST_28990,189.11689758,62.28499985,6,TARGET
3DHST_29093,189.14970398,62.28620148,6,TARGET
3DHST_29124,189.37501526,62.28530502,6,TARGET
3DHST_29132,189.4588623,62.28527451,6,TARGET
3DHST_29147,189.35334778,62.28549194,6,TARGET
3DHST_29158,189.45547485,62.2854538,6,TARGET
3DHST_29246,189.16719055,62.28618622,6,TARGET
3DHST_29279,189.36277771,62.28652191,6,TARGET
3DHST_29292,189.09437561,62.28630829,6,TARGET
3DHST_29320,189.53640747,62.28638077,6,TARGET
3DHST_29362,189.52270508,62.28646851,6,TARGET
3DHST_29369,189.49137878,62.28692245,6,TARGET
3DHST_29386,189.13098145,62.28682709,6,TARGET
3DHST_29460,189.16880798,62.28796768,6,TARGET
3DHST_29530,189.16444397,62.28809738,6,TARGET
3DHST_29578,189.15388489,62.28800964,6,TARGET
3DHST_29594,189.19813538,62.28833389,6,TARGET
3DHST_29651,189.4683075,62.28823853,6,TARGET
3DHST_29678,189.21533203,62.28872681,6,TARGET
3DHST_29699,189.25671387,62.28865051,6,TARGET
3DHST_29708,189.10926819,62.28882217,6,TARGET
3DHST_29718,189.1111145,62.28879166,6,TARGET
3DHST_29729,189.17053223,62.28873825,6,TARGET
3DHST_29731,189.54139709,62.28834152,6,TARGET
3DHST_29760,189.13717651,62.28900909,6,TARGET
3DHST_29804,189.52574158,62.28879929,6,TARGET
3DHST_29826,189.34580994,62.28918457,6,TARGET
3DHST_29828,189.15925598,62.28966904,6,TARGET
3DHST_29862,189.50976562,62.28977966,6,TARGET
3DHST_29952,189.13806152,62.29016876,6,TARGET
3DHST_29958,189.44538879,62.28989029,6,TARGET
3DHST_29968,189.53643799,62.2896843,6,TARGET
3DHST_29971,189.44210815,62.28989792,6,TARGET
3DHST_30055,189.12734985,62.29060745,6,TARGET
3DHST_30060,189.4874115,62.29027176,6,TARGET
3DHST_30095,189.10707092,62.29065323,6,TARGET
3DHST_30130,189.33302307,62.29091644,6,TARGET
3DHST_30200,189.11720276,62.29124451,6,TARGET
3DHST_30208,189.19003296,62.29187393,6,TARGET
3DHST_30218,189.27099609,62.29166794,6,TARGET
3DHST_30221,189.11633301,62.29154587,6,TARGET
3DHST_30279,189.29901123,62.29194641,6,TARGET
3DHST_30288,189.44650269,62.2918129,6,TARGET
3DHST_30314,189.19026184,62.29210281,6,TARGET
3DHST_30330,189.39518738,62.29198837,6,TARGET
3DHST_30340,189.43667603,62.29202271,6,TARGET
3DHST_30346,189.15760803,62.29217911,6,TARGET
3DHST_30351,189.09996033,62.29226685,6,TARGET
3DHST_30360,189.10768127,62.29224396,6,TARGET
3DHST_30405,189.08370972,62.29298782,6,TARGET
3DHST_30426,189.39341736,62.29253387,6,TARGET
3DHST_30430,189.32168579,62.29262924,6,TARGET
3DHST_30459,189.44369507,62.29265976,6,TARGET
3DHST_30498,189.15589905,62.29302979,6,TARGET
3DHST_30521,189.16781616,62.29322433,6,TARGET
3DHST_30528,189.42510986,62.29302597,6,TARGET
3DHST_30598,189.08650208,62.2936058,6,TARGET
3DHST_30644,189.31860352,62.29418182,6,TARGET
3DHST_30653,189.45315552,62.29388046,6,TARGET
3DHST_30661,189.14614868,62.29396057,6,TARGET
3DHST_30665,189.31866455,62.29446793,6,TARGET
3DHST_30680,189.32766724,62.29409409,6,TARGET
3DHST_30694,189.29219055,62.29432678,6,TARGET
3DHST_30695,189.45339966,62.2939682,6,TARGET
3DHST_30725,189.42337036,62.29418564,6,TARGET
3DHST_30744,189.36169434,62.29438019,6,TARGET
3DHST_30777,189.11727905,62.29454422,6,TARGET
3DHST_30788,189.51272583,62.29444504,6,TARGET
3DHST_30802,189.34629822,62.29485321,6,TARGET
3DHST_30814,189.44841003,62.29462814,6,TARGET
3DHST_30820,189.38491821,62.29491425,6,TARGET
3DHST_30860,189.15341187,62.2951088,6,TARGET
3DHST_30878,189.3684082,62.29508972,6,TARGET
3DHST_30910,189.2335968,62.29535675,6,TARGET
3DHST_31002,189.44586182,62.29583359,6,TARGET
3DHST_31045,189.21060181,62.29640961,6,TARGET
3DHST_31072,189.12702942,62.29675293,6,TARGET
3DHST_31088,189.1807251,62.29693222,6,TARGET
3DHST_31117,189.49806213,62.29638672,6,TARGET
3DHST_31129,189.3190918,62.29681778,6,TARGET
3DHST_31137,189.19866943,62.29751968,6,TARGET
3DHST_31164,189.49734497,62.29666901,6,TARGET
3DHST_31215,189.2723999,62.29798126,6,TARGET
3DHST_31291,189.10635376,62.2977066,6,TARGET
3DHST_31301,189.26182556,62.29860687,6,TARGET
3DHST_31305,189.50198364,62.29766464,6,TARGET
3DHST_31356,189.3881073,62.29811478,6,TARGET
3DHST_31371,189.19692993,62.29861069,6,TARGET
3DHST_31383,189.23362732,62.2986412,6,TARGET
3DHST_31384,189.47375488,62.29816437,6,TARGET
3DHST_31388,189.3236084,62.29866028,6,TARGET
3DHST_31439,189.085495,62.29860687,6,TARGET
3DHST_31443,189.16262817,62.29892349,6,TARGET
3DHST_31473,189.49417114,62.29850388,6,TARGET
3DHST_31527,189.1084137,62.29919052,6,TARGET
3DHST_31562,189.20143127,62.29945374,6,TARGET
3DHST_31577,189.10346985,62.29940033,6,TARGET
3DHST_31582,189.34188843,62.29943848,6,TARGET
3DHST_31596,189.48512268,62.29930878,6,TARGET
3DHST_31634,189.32565308,62.2999382,6,TARGET
3DHST_31726,189.4005127,62.30032349,6,TARGET
3DHST_31777,189.12530518,62.30085373,6,TARGET
3DHST_31786,189.23973083,62.30104065,6,TARGET
3DHST_31879,189.19680786,62.30168915,6,TARGET
3DHST_31880,189.14894104,62.30137253,6,TARGET
3DHST_31910,189.26153564,62.30158615,6,TARGET
3DHST_31937,189.38069153,62.30147934,6,TARGET
3DHST_32030,189.17965698,62.30250549,6,TARGET
3DHST_32054,189.17929077,62.3024826,6,TARGET
3DHST_32055,189.49180603,62.30216599,6,TARGET
3DHST_32073,189.276474,62.30254364,6,TARGET
3DHST_32163,189.48500061,62.30334854,6,TARGET
3DHST_32183,189.28430176,62.30384064,6,TARGET
3DHST_32208,189.20358276,62.30361176,6,TARGET
3DHST_32226,189.23399353,62.30378723,6,TARGET
3DHST_32231,189.21757507,62.30355835,6,TARGET
3DHST_32305,189.1401825,62.30461502,6,TARGET
3DHST_32308,189.25479126,62.30395889,6,TARGET
3DHST_32350,189.17042542,62.30438995,6,TARGET
3DHST_32367,189.13041687,62.30445099,6,TARGET
3DHST_32372,189.25570679,62.30438995,6,TARGET
3DHST_32413,189.45698547,62.30464554,6,TARGET
3DHST_32414,189.2230835,62.30478668,6,TARGET
3DHST_32471,189.41088867,62.30502319,6,TARGET
3DHST_32474,189.25839233,62.30527878,6,TARGET
3DHST_32490,189.12950134,62.30532074,6,TARGET
3DHST_32563,189.19973755,62.30567169,6,TARGET
3DHST_32601,189.44012451,62.30577469,6,TARGET
3DHST_32637,189.25468445,62.30633545,6,TARGET
3DHST_32645,189.32514954,62.30630493,6,TARGET
3DHST_32649,189.24996948,62.30677795,6,TARGET
3DHST_32673,189.16807556,62.3067894,6,TARGET
3DHST_32679,189.17404175,62.30671692,6,TARGET
3DHST_32698,189.19586182,62.3069458,6,TARGET
3DHST_32731,189.42472839,62.30672073,6,TARGET
3DHST_32789,189.40486145,62.30740356,6,TARGET
3DHST_32806,189.29951477,62.30752945,6,TARGET
3DHST_32810,189.32574463,62.30772781,6,TARGET
3DHST_32825,189.39433289,62.30766296,6,TARGET
3DHST_32834,189.30506897,62.30770874,6,TARGET
3DHST_32851,189.23262024,62.30802155,6,TARGET
3DHST_32858,189.23364258,62.3079834,6,TARGET
3DHST_32872,189.23957825,62.30822372,6,TARGET
3DHST_32878,189.40925598,62.30792618,6,TARGET
3DHST_32903,189.39486694,62.30805588,6,TARGET
3DHST_32906,189.38874817,62.30814362,6,TARGET
3DHST_32937,189.18251038,62.30838013,6,TARGET
3DHST_32955,189.41468811,62.30836105,6,TARGET
3DHST_32967,189.18078613,62.30886459,6,TARGET
3DHST_33007,189.24057007,62.30899048,6,TARGET
3DHST_33022,189.27455139,62.30897522,6,TARGET
3DHST_33103,189.36238098,62.30948639,6,TARGET
3DHST_33106,189.41868591,62.30962372,6,TARGET
3DHST_33116,189.35787964,62.3095932,6,TARGET
3DHST_33123,189.23510742,62.31010818,6,TARGET
3DHST_33146,189.13224792,62.31001663,6,TARGET
3DHST_33151,189.24290466,62.31006241,6,TARGET
3DHST_33168,189.47489929,62.30979156,6,TARGET
3DHST_33196,189.37364197,62.31025314,6,TARGET
3DHST_33198,189.34640503,62.31072998,6,TARGET
3DHST_33257,189.38540649,62.31056595,6,TARGET
3DHST_33293,189.13256836,62.31097031,6,TARGET
3DHST_33335,189.37962341,62.31119156,6,TARGET
3DHST_33345,189.16221619,62.31207275,6,TARGET
3DHST_33348,189.38047791,62.31132507,6,TARGET
3DHST_33354,189.23210144,62.31161118,6,TARGET
3DHST_33357,189.28900146,62.31157684,6,TARGET
3DHST_33387,189.36894226,62.31167221,6,TARGET
3DHST_33410,189.42570496,62.31177521,6,TARGET
3DHST_33442,189.20314026,62.31238937,6,TARGET
3DHST_33465,189.20454407,62.31290054,6,TARGET
3DHST_33486,189.15440369,62.31241989,6,TARGET
3DHST_33495,189.21417236,62.31272888,6,TARGET
3DHST_33565,189.46968079,62.31282425,6,TARGET
3DHST_33638,189.20288086,62.31393814,6,TARGET
3DHST_33640,189.34178162,62.31393433,6,TARGET
3DHST_33737,189.23620605,62.31446457,6,TARGET
3DHST_33853,189.14598083,62.31503677,6,TARGET
3DHST_33862,189.35327148,62.31529617,6,TARGET
3DHST_33874,189.295578,62.31523132,6,TARGET
3DHST_33901,189.33966064,62.31557846,6,TARGET
3DHST_33954,189.34819031,62.31576538,6,TARGET
3DHST_33970,189.20715332,62.31612015,6,TARGET
3DHST_34015,189.40463257,62.31616211,6,TARGET
3DHST_34069,189.40892029,62.31659317,6,TARGET
3DHST_34144,189.2718811,62.31727219,6,TARGET
3DHST_34156,189.14167786,62.31737518,6,TARGET
3DHST_34171,189.20114136,62.31816101,6,TARGET
3DHST_34181,189.27250671,62.31769562,6,TARGET
3DHST_34211,189.25718689,62.31866837,6,TARGET
3DHST_34235,189.30285645,62.31799698,6,TARGET
3DHST_34263,189.14927673,62.31819153,6,TARGET
3DHST_34265,189.29333496,62.31852341,6,TARGET
3DHST_34306,189.44247437,62.31837463,6,TARGET
3DHST_34311,189.25779724,62.31895447,6,TARGET
3DHST_34381,189.14833069,62.31909561,6,TARGET
3DHST_34415,189.36076355,62.31990814,6,TARGET
3DHST_34441,189.24528503,62.31958008,6,TARGET
3DHST_34507,189.33944702,62.32120514,6,TARGET
3DHST_34548,189.21852112,62.32175064,6,TARGET
3DHST_34566,189.26971436,62.32081604,6,TARGET
3DHST_34570,189.24674988,62.32096863,6,TARGET
3DHST_34584,189.38020325,62.32092285,6,TARGET
3DHST_34610,189.16651917,62.32104492,6,TARGET
3DHST_34624,189.15412903,62.32114029,6,TARGET
3DHST_34629,189.30706787,62.32134628,6,TARGET
3DHST_34649,189.14775085,62.32133484,6,TARGET
3DHST_34718,189.16574097,62.32295609,6,TARGET
3DHST_34839,189.37036133,62.32324982,6,TARGET
3DHST_34859,189.34506226,62.3236618,6,TARGET
3DHST_34922,189.26989746,62.32373428,6,TARGET
3DHST_34958,189.19218445,62.32395554,6,TARGET
3DHST_34978,189.38961792,62.32400131,6,TARGET
3DHST_34990,189.23347473,62.32420731,6,TARGET
3DHST_35021,189.22654724,62.32475662,6,TARGET
3DHST_35036,189.44100952,62.32440186,6,TARGET
3DHST_35043,189.23332214,62.32477188,6,TARGET
3DHST_35348,189.25047302,62.32724762,6,TARGET
3DHST_35358,189.32528687,62.32743835,6,TARGET
3DHST_35372,189.43579102,62.32739639,6,TARGET
3DHST_35388,189.24525452,62.32764053,6,TARGET
3DHST_35411,189.28222656,62.32799149,6,TARGET
3DHST_35420,189.13903809,62.32794952,6,TARGET
3DHST_35457,189.38745117,62.32819366,6,TARGET
3DHST_35468,189.24545288,62.32889938,6,TARGET
3DHST_35472,189.43157959,62.32855606,6,TARGET
3DHST_35492,189.33279419,62.32863235,6,TARGET
3DHST_35510,189.22903442,62.32897949,6,TARGET
3DHST_35532,189.44892883,62.32872772,6,TARGET
3DHST_35544,189.40666199,62.32941055,6,TARGET
3DHST_35549,189.21604919,62.32907486,6,TARGET
3DHST_35551,189.2151947,62.32910156,6,TARGET
3DHST_35609,189.37254333,62.32948685,6,TARGET
3DHST_35634,189.20872498,62.32978439,6,TARGET
3DHST_35649,189.40174866,62.32982254,6,TARGET
3DHST_35709,189.29214478,62.33054352,6,TARGET
3DHST_35711,189.30577087,62.33056259,6,TARGET
3DHST_35767,189.25639343,62.33111954,6,TARGET
3DHST_35772,189.41244507,62.33123398,6,TARGET
3DHST_35791,189.23265076,62.33140182,6,TARGET
3DHST_35814,189.27183533,62.33174133,6,TARGET
3DHST_35865,189.41560364,62.33189774,6,TARGET
3DHST_35868,189.1414032,62.33208847,6,TARGET
3DHST_35910,189.41557312,62.33241272,6,TARGET
3DHST_35934,189.32519531,62.3328476,6,TARGET
3DHST_35959,189.30761719,62.33375168,6,TARGET
3DHST_35970,189.2394104,62.33294678,6,TARGET
3DHST_35973,189.34103394,62.3338089,6,TARGET
3DHST_36011,189.2155304,62.33364487,6,TARGET
3DHST_36016,189.21443176,62.33352661,6,TARGET
3DHST_36081,189.28979492,62.33406448,6,TARGET
3DHST_36090,189.41577148,62.3340416,6,TARGET
3DHST_36098,189.44677734,62.33412933,6,TARGET
3DHST_36099,189.43280029,62.33411789,6,TARGET
3DHST_36138,189.20011902,62.33488846,6,TARGET
3DHST_36140,189.20591736,62.33472824,6,TARGET
3DHST_36149,189.28555298,62.33503723,6,TARGET
3DHST_36189,189.23272705,62.335289,6,TARGET
3DHST_36217,189.19314575,62.33552933,6,TARGET
3DHST_36224,189.26618958,62.33568954,6,TARGET
3DHST_36228,189.34896851,62.33575439,6,TARGET
3DHST_36245,189.30297852,62.33591461,6,TARGET
3DHST_36294,189.45384216,62.33613586,6,TARGET
3DHST_36306,189.39401245,62.33643723,6,TARGET
3DHST_36308,189.2755127,62.33657837,6,TARGET
3DHST_36327,189.19880676,62.33670807,6,TARGET
3DHST_36421,189.23999023,62.3379097,6,TARGET
3DHST_36432,189.41815186,62.33770752,6,TARGET
3DHST_36451,189.20654297,62.33802414,6,TARGET
3DHST_36553,189.34623718,62.33937454,6,TARGET
3DHST_36557,189.42764282,62.33977127,6,TARGET
3DHST_36572,189.36190796,62.33985901,6,TARGET
3DHST_36606,189.18099976,62.34004974,6,TARGET
3DHST_36648,189.25270081,62.340271,6,TARGET
3DHST_36665,189.39530945,62.34055328,6,TARGET
3DHST_36688,189.18685913,62.34076691,6,TARGET
3DHST_36689,189.29371643,62.34078979,6,TARGET
3DHST_36690,189.20979309,62.34233093,6,TARGET
3DHST_36707,189.22538757,62.34108734,6,TARGET
3DHST_36728,189.19725037,62.34141922,6,TARGET
3DHST_36731,189.20278931,62.34135818,6,TARGET
3DHST_36740,189.40119934,62.34136963,6,TARGET
3DHST_36754,189.38983154,62.34158707,6,TARGET
3DHST_36761,189.3092041,62.34189606,6,TARGET
3DHST_36775,189.21374512,62.34225464,6,TARGET
3DHST_36845,189.20474243,62.34282303,6,TARGET
3DHST_36868,189.30169678,62.34320068,6,TARGET
3DHST_36894,189.21772766,62.34365082,6,TARGET
3DHST_36951,189.20562744,62.34440231,6,TARGET
3DHST_36963,189.36936951,62.34446716,6,TARGET
3DHST_37013,189.23919678,62.34529877,6,TARGET
3DHST_37030,189.37515259,62.34532547,6,TARGET
3DHST_37093,189.22987366,62.34658051,6,TARGET
3DHST_37124,189.2265625,62.34686279,6,TARGET
3DHST_37167,189.32356262,62.34762955,6,TARGET
3DHST_37194,189.3104248,62.34783173,6,TARGET
3DHST_37195,189.30056763,62.34798813,6,TARGET
3DHST_37196,189.28652954,62.34789276,6,TARGET
3DHST_37236,189.25474548,62.34891891,6,TARGET
3DHST_37237,189.28878784,62.3487587,6,TARGET
3DHST_37238,189.29899597,62.34874344,6,TARGET
3DHST_37312,189.3105011,62.35029221,6,TARGET
3DHST_37333,189.24797058,62.350914,6,TARGET
3DHST_37358,189.35572815,62.35131073,6,TARGET
3DHST_37359,189.23103333,62.3515625,6,TARGET
3DHST_37374,189.27670288,62.35157776,6,TARGET
3DHST_37404,189.30064392,62.35203552,6,TARGET
3DHST_37449,189.34701538,62.35303116,6,TARGET
3DHST_37484,189.32949829,62.35429764,6,TARGET
3DHST_37491,189.3066864,62.35374069,6,TARGET
3DHST_37536,189.28985596,62.35478592,6,TARGET
3DHST_37542,189.34103394,62.35533142,6,TARGET
3DHST_37597,189.30401611,62.3565712,6,TARGET
3DHST_37618,189.25982666,62.35705948,6,TARGET
3DHST_37631,189.33282471,62.35743713,6,TARGET
3DHST_37695,189.28100586,62.35968781,6,TARGET
3DHST_37703,189.28466797,62.35993576,6,TARGET
3DHST_37733,189.26985168,62.36105347,6,TARGET
3DHST_37820,189.34008789,62.36421585,6,TARGET
3DHST_37927,189.35237122,62.36817551,6,TARGET
3DHST_38053,189.36013794,62.37398911,6,TARGET
3DHST_38115,189.33522034,62.37569809,6,TARGET
3DHST_38135,189.34359741,62.3765831,6,TARGET
3DHST_38212,189.33311462,62.38115692,6,TARGET
z5_GNW_27194,189.523804,62.278839,5,TARGET
z5_GNW_28218,189.50325,62.273884,5,TARGET
z5_GNW_25408,189.457428,62.289562,5,TARGET
z5_GND_36668,189.376678,62.197426,5,TARGET
z5_GNW_32760,189.451263,62.241043,5,TARGET
z5_GNW_30244,189.418915,62.259678,5,TARGET
z5_GNW_30237,189.418411,62.259842,5,TARGET
z5_GNW_29609,189.436447,62.265049,5,TARGET
z5_GNW_28602,189.37587,62.27145,5,TARGET
z5_GNW_26081,189.381042,62.285637,5,TARGET
z5_GNW_25250,189.432602,62.290581,5,TARGET
z5_GNW_24858,189.414474,62.29319,5,TARGET
z5_GNW_23799,189.324554,62.299732,5,TARGET
z5_GNW_23086,189.451691,62.304169,5,TARGET
z5_GNW_20906,189.437683,62.318161,5,TARGET
z5_GNW_22490,189.394882,62.308056,5,TARGET
z5_GNW_21283,189.403549,62.315697,5,TARGET
z5_GNW_22097,189.364624,62.310837,5,TARGET
z5_GNW_22312,189.339706,62.309032,5,TARGET
z5_GNW_21750,189.317093,62.313053,5,TARGET
z5_GNW_23042,189.415009,62.333538,5,TARGET
z5_GNW_23548,189.415771,62.334045,5,TARGET
z6_GNW_20715,189.339859,62.319981,5,TARGET
z5_GNW_21219,189.310135,62.330257,5,TARGET
z5_GNW_28199,189.382797,62.337444,5,TARGET
z5_GNW_28803,189.311783,62.337528,5,TARGET
z5_GNW_18766,189.345215,62.362179,5,TARGET
z5_GNW_2919,189.203491,62.122383,5,TARGET
z5_GNW_3424,189.208527,62.126209,5,TARGET
z5_GNW_3433,189.20549,62.126289,5,TARGET
z5_GNW_7098,189.214188,62.149055,5,TARGET
z5_GNW_5021,189.181732,62.13776,5,TARGET
z6_GNW_8973,189.167801,62.160194,5,TARGET
z5_GNW_9029,189.168854,62.160538,5,TARGET
z5_GND_35084,189.27858,62.20322,5,TARGET
z5_GNW_22583,189.298859,62.307564,5,TARGET
z5_GNW_19038,189.29097,62.353146,5,TARGET
z5_GNW_32117,189.257217,62.353569,5,TARGET
z5_GNW_1503,189.139328,62.111233,5,TARGET
z5_GNW_1663,189.147537,62.112507,5,TARGET
z5_GNW_2438,189.106522,62.118481,5,TARGET
z5_GNW_4337,189.073959,62.132893,5,TARGET
z5_GNW_7248,189.089371,62.149796,5,TARGET
z5_GNW_6540,189.023026,62.146069,5,TARGET
z5_GNW_8402,189.13205,62.15662,5,TARGET
z5_GNW_9175,189.054169,62.161289,5,TARGET
z5_GNW_9696,189.031815,62.164223,5,TARGET
z5_GNW_10657,189.130219,62.17078,5,TARGET
z5_GNW_10304,189.112167,62.168396,5,TARGET
z5_GNW_11014,189.073074,62.172878,5,TARGET
z5_GNW_11120,189.050674,62.173576,5,TARGET
z5_GNW_11226,189.04805,62.174236,5,TARGET
z5_GNW_11701,189.055405,62.177502,5,TARGET
z5_GNW_13381,189.104095,62.188435,5,TARGET
z5_GNW_13431,189.105881,62.188835,5,TARGET
z5_GNW_12482,189.079254,62.182869,5,TARGET
z5_GNW_13254,189.039703,62.187725,5,TARGET
z5_GND_20529,189.125778,62.245922,5,TARGET
z5_GND_45250,189.06427,62.274292,5,TARGET
z6_GNW_10897,188.976089,62.171894,5,TARGET
z5_GNW_11071,188.972427,62.173115,5,TARGET
z5_GNW_13514,188.967331,62.189121,5,TARGET
z6_GNW_14534,188.985962,62.195339,5,TARGET
z5_GNW_16472,188.951706,62.211136,5,TARGET
z5_GND_37205,189.355759,62.195465,5,TARGET
z5_GND_30288,189.425446,62.217979,5,TARGET
z6_GND_30340,189.388916,62.217834,5,TARGET
z5_GND_32413,189.357834,62.211445,5,TARGET
z5_GND_32576,189.305771,62.210899,5,TARGET
z5_GND_28819,189.365326,62.222359,5,TARGET
z5_GND_28426,189.322235,62.22369,5,TARGET
z5_GND_28421,189.321533,62.223774,5,TARGET
z5_GND_25573,189.328232,62.231686,5,TARGET
z5_GND_24948,189.320312,62.233444,5,TARGET
z5_GND_28981,189.310776,62.221935,5,TARGET
z5_GND_18617,189.353439,62.250774,5,TARGET
z5_GND_20890,189.340775,62.244846,5,TARGET
z5_GND_23860,189.314392,62.236462,5,TARGET
z5_GND_16389,189.360291,62.257557,5,TARGET
z5_GND_15025,189.324448,62.26133,5,TARGET
z6_GND_13524,189.337402,62.266106,5,TARGET
z5_GND_15899,189.309113,62.258888,5,TARGET
z5_GND_14131,189.315414,62.263824,5,TARGET
z5_GND_14554,189.332275,62.267471,5,TARGET
z5_GND_11088,189.315125,62.273216,5,TARGET
z5_GND_908,189.245544,62.154888,5,TARGET
z5_GND_2126,189.247681,62.167103,5,TARGET
z5_GND_1303,189.238403,62.159389,5,TARGET
z5_GND_1415,189.234848,62.160557,5,TARGET
z5_GNW_9541,189.165833,62.163639,5,TARGET
z5_GND_3052,189.288742,62.173836,5,TARGET
z5_GND_3651,189.303589,62.177364,5,TARGET
z5_GND_2774,189.245148,62.17205,5,TARGET
z5_GND_4070,189.255096,62.179371,5,TARGET
z5_GND_40815,189.194717,62.181686,5,TARGET
z5_GND_39799,189.29985,62.185833,5,TARGET
z5_GND_38172,189.303299,62.192223,5,TARGET
z5_GND_39516,189.250916,62.187057,5,TARGET
z5_GND_39309,189.238617,62.187653,5,TARGET
z5_GND_38076,189.259857,62.192493,5,TARGET
z5_GND_37378,189.261703,62.194908,5,TARGET
z5_GND_39635,189.215805,62.18647,5,TARGET
z5_GND_40117,189.177521,62.184551,5,TARGET
z5_GND_39570,189.17572,62.186714,5,TARGET
z5_GND_39523,189.186615,62.187,5,TARGET
z5_GND_39445,189.17865,62.187237,5,TARGET
z5_GND_35187,189.292587,62.202457,5,TARGET
z5_GND_35096,189.283508,62.203049,5,TARGET
z5_GND_35084,189.27858,62.20322,5,TARGET
z5_GND_34379,189.249405,62.205284,5,TARGET
z5_GND_33500,189.261383,62.208023,5,TARGET
z5_GND_33094,189.266449,62.209164,5,TARGET
z5_GND_31569,189.207809,62.213249,5,TARGET
z5_GND_30740,189.221237,62.216541,5,TARGET
z5_GND_34594,189.202988,62.204651,5,TARGET
z5_GND_26806,189.273712,62.228466,5,TARGET
z5_GND_27870,189.263809,62.225407,5,TARGET
z5_GND_28944,189.225967,62.222118,5,TARGET
z5_GND_23238,189.272186,62.238361,5,TARGET
z5_GND_22869,189.273712,62.23922,5,TARGET
z5_GND_18697,189.302582,62.251148,5,TARGET
z5_GND_16018,189.29129,62.258629,5,TARGET
z5_GND_15601,189.296097,62.259697,5,TARGET
z5_GND_15356,189.282211,62.260399,5,TARGET
z5_GND_15712,189.200607,62.259445,5,TARGET
z5_GND_12659,189.26062,62.268284,5,TARGET
z5_GND_11789,189.243515,62.270794,5,TARGET
z5_GND_12705,189.218094,62.268093,5,TARGET
z5_GND_11521,189.217407,62.271622,5,TARGET
z5_GND_12062,189.188843,62.269917,5,TARGET
z5_GND_10047,189.29628,62.277386,5,TARGET
z5_GND_9333,189.27771,62.280643,5,TARGET
z5_GND_44604,189.263397,62.285717,5,TARGET
z5_GND_44836,189.180756,62.282238,5,TARGET
z5_GND_8641,189.19693,62.284508,5,TARGET
z5_GND_10768,189.172516,62.27457,5,TARGET
z5_GND_10054,189.169846,62.277298,5,TARGET
z5_GND_44411,189.159821,62.287952,5,TARGET
z5_GND_7157,189.20491,62.298958,5,TARGET
z5_GND_6005,189.21553,62.318878,5,TARGET
z5_GND_42189,189.165497,62.306877,5,TARGET
z5_GND_4732,189.179245,62.329845,5,TARGET
z5_GND_32925,189.156342,62.210011,5,TARGET
z5_GND_32295,189.117996,62.211357,5,TARGET
z5_GND_29527,189.100662,62.220226,5,TARGET
z5_GND_29491,189.104431,62.220345,5,TARGET
z5_GND_28795,189.149551,62.221996,5,TARGET
z5_GND_27871,189.135422,62.225361,5,TARGET
z5_GND_27366,189.132629,62.226734,5,TARGET
z5_GND_26652,189.127609,62.228935,5,TARGET
z5_GND_26558,189.125916,62.22916,5,TARGET
z5_GND_25578,189.149429,62.231865,5,TARGET
z5_GND_25053,189.15126,62.233215,5,TARGET
z5_GND_28693,189.106339,62.222816,5,TARGET
z5_GND_27819,189.110336,62.225437,5,TARGET
z5_GND_27023,189.113434,62.22765,5,TARGET
z5_GND_23616,189.126144,62.237171,5,TARGET
z5_GND_23450,189.139206,62.237736,5,TARGET
z5_GND_20529,189.125778,62.245922,5,TARGET
z5_GND_23926,189.11908,62.236248,5,TARGET
z5_GND_23098,189.119629,62.238552,5,TARGET
z5_GND_23097,189.120056,62.238659,5,TARGET
z5_GND_22822,189.09494,62.23946,5,TARGET
z5_GND_21873,189.124161,62.242218,5,TARGET
z5_GND_21641,189.11763,62.244312,5,TARGET
z5_GND_21153,189.049622,62.244038,5,TARGET
z5_GND_13973,189.145691,62.264256,5,TARGET
z5_GND_13494,189.147812,62.265678,5,TARGET
z5_GND_17105,189.118622,62.255566,5,TARGET
z5_GND_14761,189.100067,62.262043,5,TARGET
z5_GND_16723,189.060165,62.256508,5,TARGET
z5_GND_10084,189.140717,62.277237,5,TARGET
z5_GND_45273,189.077911,62.273827,5,TARGET
z5_GND_42576,189.143311,62.304779,5,TARGET
z5_GNW_25352,189.407257,62.290123,5,TARGET
z6_GNW_21823,189.355591,62.312592,5,TARGET
z5_GNW_5622,189.080841,62.141083,5,TARGET
z6_GNW_9770,189.117615,62.164848,5,TARGET
z5_GND_17752,189.091812,62.253738,5,TARGET
z5_GNW_11950,188.967667,62.179089,5,TARGET
z5_GNW_17295,188.985779,62.220367,5,TARGET
z6_GND_40374,189.31723,62.183056,5,TARGET
z5_GND_37006,189.365982,62.196171,5,TARGET
z6_GND_19744,189.333466,62.248184,5,TARGET
z5_GND_15486,189.313858,62.259865,5,TARGET
z5_GND_464,189.270706,62.148418,5,TARGET
z5_GND_28158,189.189255,62.224251,5,TARGET
z5_GND_19515,189.224777,62.248867,5,TARGET
z6_GND_44138,189.25621,62.291264,5,TARGET
z5_GND_7334,189.173019,62.296448,5,TARGET
z5_GND_28891,189.116974,62.22208,5,TARGET
z5_GND_22796,189.088608,62.239491,5,TARGET
z5_GND_17752,189.091812,62.253738,5,TARGET
z5_GND_11013,189.15744,62.273609,5,TARGET
z8_GNW_25541,189.513046,62.288696,5,TARGET
z7_GNW_23317,189.439667,62.302383,5,TARGET
z8_GNW_20826,189.401169,62.319225,5,TARGET
z8_GNW_27475,189.37381,62.336391,5,TARGET
z7_GNW_19517,189.325821,62.334698,5,TARGET
z7_GNW_18773,189.309174,62.362141,5,TARGET
z7_GNW_21903,189.290756,62.3111,5,TARGET
z7_GNW_19939,189.273392,62.324783,5,TARGET
z8_GNW_19912,189.252716,62.3284,5,TARGET
z7_GNW_32502,189.285812,62.354965,5,TARGET
z7_GNW_32653,189.278732,62.357452,5,TARGET
z7_GNW_7284,189.036041,62.149914,5,TARGET
z7_GND_9252,189.069672,62.281013,5,TARGET
z7_GND_40057,189.339462,62.18478,5,TARGET
z7_GND_38200,189.359146,62.192123,5,TARGET
z7_GND_18323,189.371399,62.25214,5,TARGET
z8_GND_22233,189.249802,62.241226,5,TARGET
z5_GND_20169,189.204132,62.247089,5,TARGET
z7_GND_18869,189.205292,62.250767,5,TARGET
z7_GND_15396,189.275909,62.260303,5,TARGET
z7_GND_13456,189.264938,62.265789,5,TARGET
z7_GND_11402,189.186172,62.270863,5,TARGET
z7_GND_10402,189.179276,62.275894,5,TARGET
z7_GND_8012,189.260422,62.289406,5,TARGET
z7_GND_7831,189.177307,62.29105,5,TARGET
z7_GND_44109,189.177155,62.291512,5,TARGET
z7_GND_6161,189.215073,62.317932,5,TARGET
z7_GND_41546,189.159698,62.310566,5,TARGET
z8_GND_23069,189.109497,62.238792,5,TARGET
z7_GND_18181,189.082687,62.252476,5,TARGET
z7_GND_10780,189.138077,62.274445,5,TARGET
z7_GND_45190,189.138504,62.2756,5,TARGET
z7_GND_42108,189.13443,62.307869,5,TARGET
z8_GNW_27475,189.37381,62.336391,5,TARGET
z8_GNW_30497,189.353027,62.347015,5,TARGET
z8_GNW_5376,189.191101,62.139683,5,TARGET
z8_GNW_21001,189.286987,62.31802,5,TARGET
z8_GNW_13554,189.039001,62.189419,5,TARGET
z7_GNW_15559,189.083511,62.202583,5,TARGET
z8_GND_41247,189.27951,62.179752,5,TARGET
z8_GND_35384,189.231995,62.202343,5,TARGET
z8_GND_21784,189.203125,62.242485,5,TARGET
z7_GND_13456,189.264938,62.265789,5,TARGET
z8_GND_8052,189.27002,62.288559,5,TARGET
z7_GND_8012,189.260422,62.289406,5,TARGET
z7_GND_20984,189.133713,62.244598,5,TARGET
f_0,189.45360084784755,62.36984421460953,1,standard
f_1,189.46241584827953,62.36358473679849,1,standard
f_2,188.90234556247273,62.36399943583584,1,standard
f_3,188.91019078915647,62.352587917067034,1,standard
